course_id;course_slug;course_name;source_kind;discipline;subject;question_count
54;transpetro-2026-04-administra-o;Transpetro 2026 — Administração;SUPABASE_ACADEMIC;Conhecimentos Específicos;Conteúdo específico — Administração;50
54;transpetro-2026-04-administra-o;Transpetro 2026 — Administração;SUPABASE_ACADEMIC;Língua Inglesa;Compreensão de texto escrito em língua inglesa;50
54;transpetro-2026-04-administra-o;Transpetro 2026 — Administração;SUPABASE_ACADEMIC;Língua Inglesa;Itens gramaticais relevantes para a compreensão dos conteúdos semânticos;50
54;transpetro-2026-04-administra-o;Transpetro 2026 — Administração;SUPABASE_ACADEMIC;Língua Portuguesa;Compreensão de textos de gêneros variados;50
54;transpetro-2026-04-administra-o;Transpetro 2026 — Administração;SUPABASE_ACADEMIC;Língua Portuguesa;Ortografia oficial;50
54;transpetro-2026-04-administra-o;Transpetro 2026 — Administração;SUPABASE_ACADEMIC;Língua Portuguesa;Mecanismos de coesão textual;50
54;transpetro-2026-04-administra-o;Transpetro 2026 — Administração;SUPABASE_ACADEMIC;Língua Portuguesa;Emprego das classes de palavras;50
54;transpetro-2026-04-administra-o;Transpetro 2026 — Administração;SUPABASE_ACADEMIC;Língua Portuguesa;Concordância nominal e verbal;50
54;transpetro-2026-04-administra-o;Transpetro 2026 — Administração;SUPABASE_ACADEMIC;Língua Portuguesa;Emprego do sinal indicativo de crase;50
54;transpetro-2026-04-administra-o;Transpetro 2026 — Administração;SUPABASE_ACADEMIC;Língua Portuguesa;Sinais de pontuação;50
54;transpetro-2026-04-administra-o;Transpetro 2026 — Administração;SUPABASE_ACADEMIC;Língua Portuguesa;Significação das palavras;50
54;transpetro-2026-04-administra-o;Transpetro 2026 — Administração;SUPABASE_ACADEMIC;Língua Portuguesa;Concordância verbal e nominal;50
54;transpetro-2026-04-administra-o;Transpetro 2026 — Administração;SUPABASE_ACADEMIC;Língua Portuguesa;Regência verbal e nominal;50
54;transpetro-2026-04-administra-o;Transpetro 2026 — Administração;SUPABASE_ACADEMIC;Língua Portuguesa;Emprego do sinal indicativo de crase;50
54;transpetro-2026-04-administra-o;Transpetro 2026 — Administração;SUPABASE_ACADEMIC;Língua Portuguesa;Colocação dos pronomes átonos;50
35;transpetro-2026-03-administra-o-e-controle;Transpetro 2026 — Administração e Controle;SUPABASE_ACADEMIC;Conhecimentos Específicos;Conteúdo específico — Administração e Controle;50
35;transpetro-2026-03-administra-o-e-controle;Transpetro 2026 — Administração e Controle;SUPABASE_ACADEMIC;Língua Portuguesa;Compreensão de textos de gêneros variados;50
35;transpetro-2026-03-administra-o-e-controle;Transpetro 2026 — Administração e Controle;SUPABASE_ACADEMIC;Língua Portuguesa;Ortografia oficial;50
35;transpetro-2026-03-administra-o-e-controle;Transpetro 2026 — Administração e Controle;SUPABASE_ACADEMIC;Língua Portuguesa;Mecanismos de coesão textual;50
35;transpetro-2026-03-administra-o-e-controle;Transpetro 2026 — Administração e Controle;SUPABASE_ACADEMIC;Língua Portuguesa;Emprego das classes de palavras;50
35;transpetro-2026-03-administra-o-e-controle;Transpetro 2026 — Administração e Controle;SUPABASE_ACADEMIC;Língua Portuguesa;Concordância nominal e verbal;50
35;transpetro-2026-03-administra-o-e-controle;Transpetro 2026 — Administração e Controle;SUPABASE_ACADEMIC;Língua Portuguesa;Emprego do sinal indicativo de crase;50
35;transpetro-2026-03-administra-o-e-controle;Transpetro 2026 — Administração e Controle;SUPABASE_ACADEMIC;Língua Portuguesa;Sinais de pontuação;50
35;transpetro-2026-03-administra-o-e-controle;Transpetro 2026 — Administração e Controle;SUPABASE_ACADEMIC;Língua Portuguesa;Significação das palavras;50
35;transpetro-2026-03-administra-o-e-controle;Transpetro 2026 — Administração e Controle;SUPABASE_ACADEMIC;Matemática;Conjuntos numéricos;50
35;transpetro-2026-03-administra-o-e-controle;Transpetro 2026 — Administração e Controle;SUPABASE_ACADEMIC;Matemática;Razão e proporção, regra de três e porcentagem;65
35;transpetro-2026-03-administra-o-e-controle;Transpetro 2026 — Administração e Controle;SUPABASE_ACADEMIC;Matemática;Relações e funções;50
35;transpetro-2026-03-administra-o-e-controle;Transpetro 2026 — Administração e Controle;SUPABASE_ACADEMIC;Matemática;Equações e sistemas de equações lineares;50
35;transpetro-2026-03-administra-o-e-controle;Transpetro 2026 — Administração e Controle;SUPABASE_ACADEMIC;Matemática;Análise combinatória;50
35;transpetro-2026-03-administra-o-e-controle;Transpetro 2026 — Administração e Controle;SUPABASE_ACADEMIC;Matemática;Probabilidade básica;50
48;transpetro-2026-04-advocacia;Transpetro 2026 — Advocacia;SUPABASE_ACADEMIC;Conhecimentos Específicos;Conteúdo específico — Advocacia;50
48;transpetro-2026-04-advocacia;Transpetro 2026 — Advocacia;SUPABASE_ACADEMIC;Língua Inglesa;Compreensão de texto escrito em língua inglesa;50
48;transpetro-2026-04-advocacia;Transpetro 2026 — Advocacia;SUPABASE_ACADEMIC;Língua Inglesa;Itens gramaticais relevantes para a compreensão dos conteúdos semânticos;50
48;transpetro-2026-04-advocacia;Transpetro 2026 — Advocacia;SUPABASE_ACADEMIC;Língua Portuguesa;Compreensão de textos de gêneros variados;50
48;transpetro-2026-04-advocacia;Transpetro 2026 — Advocacia;SUPABASE_ACADEMIC;Língua Portuguesa;Ortografia oficial;50
48;transpetro-2026-04-advocacia;Transpetro 2026 — Advocacia;SUPABASE_ACADEMIC;Língua Portuguesa;Mecanismos de coesão textual;50
48;transpetro-2026-04-advocacia;Transpetro 2026 — Advocacia;SUPABASE_ACADEMIC;Língua Portuguesa;Emprego das classes de palavras;50
48;transpetro-2026-04-advocacia;Transpetro 2026 — Advocacia;SUPABASE_ACADEMIC;Língua Portuguesa;Concordância nominal e verbal;50
48;transpetro-2026-04-advocacia;Transpetro 2026 — Advocacia;SUPABASE_ACADEMIC;Língua Portuguesa;Emprego do sinal indicativo de crase;50
48;transpetro-2026-04-advocacia;Transpetro 2026 — Advocacia;SUPABASE_ACADEMIC;Língua Portuguesa;Sinais de pontuação;50
48;transpetro-2026-04-advocacia;Transpetro 2026 — Advocacia;SUPABASE_ACADEMIC;Língua Portuguesa;Significação das palavras;50
48;transpetro-2026-04-advocacia;Transpetro 2026 — Advocacia;SUPABASE_ACADEMIC;Língua Portuguesa;Concordância verbal e nominal;50
48;transpetro-2026-04-advocacia;Transpetro 2026 — Advocacia;SUPABASE_ACADEMIC;Língua Portuguesa;Regência verbal e nominal;50
48;transpetro-2026-04-advocacia;Transpetro 2026 — Advocacia;SUPABASE_ACADEMIC;Língua Portuguesa;Emprego do sinal indicativo de crase;50
48;transpetro-2026-04-advocacia;Transpetro 2026 — Advocacia;SUPABASE_ACADEMIC;Língua Portuguesa;Colocação dos pronomes átonos;50
22;transpetro-2026-03-ambiental-nm-;Transpetro 2026 — Ambiental (NM);SUPABASE_ACADEMIC;Conhecimentos Específicos;Conteúdo específico — Ambiental (NM);50
22;transpetro-2026-03-ambiental-nm-;Transpetro 2026 — Ambiental (NM);SUPABASE_ACADEMIC;Língua Portuguesa;Compreensão de textos de gêneros variados;50
22;transpetro-2026-03-ambiental-nm-;Transpetro 2026 — Ambiental (NM);SUPABASE_ACADEMIC;Língua Portuguesa;Ortografia oficial;50
22;transpetro-2026-03-ambiental-nm-;Transpetro 2026 — Ambiental (NM);SUPABASE_ACADEMIC;Língua Portuguesa;Mecanismos de coesão textual;50
22;transpetro-2026-03-ambiental-nm-;Transpetro 2026 — Ambiental (NM);SUPABASE_ACADEMIC;Língua Portuguesa;Emprego das classes de palavras;50
22;transpetro-2026-03-ambiental-nm-;Transpetro 2026 — Ambiental (NM);SUPABASE_ACADEMIC;Língua Portuguesa;Concordância nominal e verbal;50
22;transpetro-2026-03-ambiental-nm-;Transpetro 2026 — Ambiental (NM);SUPABASE_ACADEMIC;Língua Portuguesa;Emprego do sinal indicativo de crase;50
22;transpetro-2026-03-ambiental-nm-;Transpetro 2026 — Ambiental (NM);SUPABASE_ACADEMIC;Língua Portuguesa;Sinais de pontuação;50
22;transpetro-2026-03-ambiental-nm-;Transpetro 2026 — Ambiental (NM);SUPABASE_ACADEMIC;Língua Portuguesa;Significação das palavras;50
22;transpetro-2026-03-ambiental-nm-;Transpetro 2026 — Ambiental (NM);SUPABASE_ACADEMIC;Matemática;Conjuntos numéricos;50
22;transpetro-2026-03-ambiental-nm-;Transpetro 2026 — Ambiental (NM);SUPABASE_ACADEMIC;Matemática;Razão e proporção, regra de três e porcentagem;65
22;transpetro-2026-03-ambiental-nm-;Transpetro 2026 — Ambiental (NM);SUPABASE_ACADEMIC;Matemática;Relações e funções;50
22;transpetro-2026-03-ambiental-nm-;Transpetro 2026 — Ambiental (NM);SUPABASE_ACADEMIC;Matemática;Equações e sistemas de equações lineares;50
22;transpetro-2026-03-ambiental-nm-;Transpetro 2026 — Ambiental (NM);SUPABASE_ACADEMIC;Matemática;Análise combinatória;50
22;transpetro-2026-03-ambiental-nm-;Transpetro 2026 — Ambiental (NM);SUPABASE_ACADEMIC;Matemática;Probabilidade básica;50
58;transpetro-2026-04-an-lise-ambiental;Transpetro 2026 — Análise Ambiental;SUPABASE_ACADEMIC;Conhecimentos Específicos;Conteúdo específico — Análise Ambiental;50
58;transpetro-2026-04-an-lise-ambiental;Transpetro 2026 — Análise Ambiental;SUPABASE_ACADEMIC;Língua Inglesa;Compreensão de texto escrito em língua inglesa;50
58;transpetro-2026-04-an-lise-ambiental;Transpetro 2026 — Análise Ambiental;SUPABASE_ACADEMIC;Língua Inglesa;Itens gramaticais relevantes para a compreensão dos conteúdos semânticos;50
58;transpetro-2026-04-an-lise-ambiental;Transpetro 2026 — Análise Ambiental;SUPABASE_ACADEMIC;Língua Portuguesa;Compreensão de textos de gêneros variados;50
58;transpetro-2026-04-an-lise-ambiental;Transpetro 2026 — Análise Ambiental;SUPABASE_ACADEMIC;Língua Portuguesa;Ortografia oficial;50
58;transpetro-2026-04-an-lise-ambiental;Transpetro 2026 — Análise Ambiental;SUPABASE_ACADEMIC;Língua Portuguesa;Mecanismos de coesão textual;50
58;transpetro-2026-04-an-lise-ambiental;Transpetro 2026 — Análise Ambiental;SUPABASE_ACADEMIC;Língua Portuguesa;Emprego das classes de palavras;50
58;transpetro-2026-04-an-lise-ambiental;Transpetro 2026 — Análise Ambiental;SUPABASE_ACADEMIC;Língua Portuguesa;Concordância nominal e verbal;50
58;transpetro-2026-04-an-lise-ambiental;Transpetro 2026 — Análise Ambiental;SUPABASE_ACADEMIC;Língua Portuguesa;Emprego do sinal indicativo de crase;50
58;transpetro-2026-04-an-lise-ambiental;Transpetro 2026 — Análise Ambiental;SUPABASE_ACADEMIC;Língua Portuguesa;Sinais de pontuação;50
58;transpetro-2026-04-an-lise-ambiental;Transpetro 2026 — Análise Ambiental;SUPABASE_ACADEMIC;Língua Portuguesa;Significação das palavras;50
58;transpetro-2026-04-an-lise-ambiental;Transpetro 2026 — Análise Ambiental;SUPABASE_ACADEMIC;Língua Portuguesa;Concordância verbal e nominal;50
58;transpetro-2026-04-an-lise-ambiental;Transpetro 2026 — Análise Ambiental;SUPABASE_ACADEMIC;Língua Portuguesa;Regência verbal e nominal;50
58;transpetro-2026-04-an-lise-ambiental;Transpetro 2026 — Análise Ambiental;SUPABASE_ACADEMIC;Língua Portuguesa;Emprego do sinal indicativo de crase;50
58;transpetro-2026-04-an-lise-ambiental;Transpetro 2026 — Análise Ambiental;SUPABASE_ACADEMIC;Língua Portuguesa;Colocação dos pronomes átonos;50
56;transpetro-2026-04-an-lise-de-sistemas-infraestrutura;Transpetro 2026 — Análise de Sistemas - Infraestrutura;SUPABASE_ACADEMIC;Conhecimentos Específicos;Conteúdo específico — Análise de Sistemas - Infraestrutura;50
56;transpetro-2026-04-an-lise-de-sistemas-infraestrutura;Transpetro 2026 — Análise de Sistemas - Infraestrutura;SUPABASE_ACADEMIC;Língua Inglesa;Compreensão de texto escrito em língua inglesa;50
56;transpetro-2026-04-an-lise-de-sistemas-infraestrutura;Transpetro 2026 — Análise de Sistemas - Infraestrutura;SUPABASE_ACADEMIC;Língua Inglesa;Itens gramaticais relevantes para a compreensão dos conteúdos semânticos;50
56;transpetro-2026-04-an-lise-de-sistemas-infraestrutura;Transpetro 2026 — Análise de Sistemas - Infraestrutura;SUPABASE_ACADEMIC;Língua Portuguesa;Compreensão de textos de gêneros variados;50
56;transpetro-2026-04-an-lise-de-sistemas-infraestrutura;Transpetro 2026 — Análise de Sistemas - Infraestrutura;SUPABASE_ACADEMIC;Língua Portuguesa;Ortografia oficial;50
56;transpetro-2026-04-an-lise-de-sistemas-infraestrutura;Transpetro 2026 — Análise de Sistemas - Infraestrutura;SUPABASE_ACADEMIC;Língua Portuguesa;Mecanismos de coesão textual;50
56;transpetro-2026-04-an-lise-de-sistemas-infraestrutura;Transpetro 2026 — Análise de Sistemas - Infraestrutura;SUPABASE_ACADEMIC;Língua Portuguesa;Emprego das classes de palavras;50
56;transpetro-2026-04-an-lise-de-sistemas-infraestrutura;Transpetro 2026 — Análise de Sistemas - Infraestrutura;SUPABASE_ACADEMIC;Língua Portuguesa;Concordância nominal e verbal;50
56;transpetro-2026-04-an-lise-de-sistemas-infraestrutura;Transpetro 2026 — Análise de Sistemas - Infraestrutura;SUPABASE_ACADEMIC;Língua Portuguesa;Emprego do sinal indicativo de crase;50
56;transpetro-2026-04-an-lise-de-sistemas-infraestrutura;Transpetro 2026 — Análise de Sistemas - Infraestrutura;SUPABASE_ACADEMIC;Língua Portuguesa;Sinais de pontuação;50
56;transpetro-2026-04-an-lise-de-sistemas-infraestrutura;Transpetro 2026 — Análise de Sistemas - Infraestrutura;SUPABASE_ACADEMIC;Língua Portuguesa;Significação das palavras;50
56;transpetro-2026-04-an-lise-de-sistemas-infraestrutura;Transpetro 2026 — Análise de Sistemas - Infraestrutura;SUPABASE_ACADEMIC;Língua Portuguesa;Concordância verbal e nominal;50
56;transpetro-2026-04-an-lise-de-sistemas-infraestrutura;Transpetro 2026 — Análise de Sistemas - Infraestrutura;SUPABASE_ACADEMIC;Língua Portuguesa;Regência verbal e nominal;50
56;transpetro-2026-04-an-lise-de-sistemas-infraestrutura;Transpetro 2026 — Análise de Sistemas - Infraestrutura;SUPABASE_ACADEMIC;Língua Portuguesa;Emprego do sinal indicativo de crase;50
56;transpetro-2026-04-an-lise-de-sistemas-infraestrutura;Transpetro 2026 — Análise de Sistemas - Infraestrutura;SUPABASE_ACADEMIC;Língua Portuguesa;Colocação dos pronomes átonos;50
52;transpetro-2026-04-an-lise-de-sistemas-processos-de-neg-cios;Transpetro 2026 — Análise de Sistemas - Processos de Negócios;SUPABASE_ACADEMIC;Conhecimentos Específicos;Conteúdo específico — Análise de Sistemas - Processos de Negócios;50
52;transpetro-2026-04-an-lise-de-sistemas-processos-de-neg-cios;Transpetro 2026 — Análise de Sistemas - Processos de Negócios;SUPABASE_ACADEMIC;Gestão de Projetos;Gestão de Projetos;50
52;transpetro-2026-04-an-lise-de-sistemas-processos-de-neg-cios;Transpetro 2026 — Análise de Sistemas - Processos de Negócios;SUPABASE_ACADEMIC;Língua Inglesa;Compreensão de texto escrito em língua inglesa;50
52;transpetro-2026-04-an-lise-de-sistemas-processos-de-neg-cios;Transpetro 2026 — Análise de Sistemas - Processos de Negócios;SUPABASE_ACADEMIC;Língua Inglesa;Itens gramaticais relevantes para a compreensão dos conteúdos semânticos;50
52;transpetro-2026-04-an-lise-de-sistemas-processos-de-neg-cios;Transpetro 2026 — Análise de Sistemas - Processos de Negócios;SUPABASE_ACADEMIC;Língua Portuguesa;Compreensão de textos de gêneros variados;50
52;transpetro-2026-04-an-lise-de-sistemas-processos-de-neg-cios;Transpetro 2026 — Análise de Sistemas - Processos de Negócios;SUPABASE_ACADEMIC;Língua Portuguesa;Ortografia oficial;50
52;transpetro-2026-04-an-lise-de-sistemas-processos-de-neg-cios;Transpetro 2026 — Análise de Sistemas - Processos de Negócios;SUPABASE_ACADEMIC;Língua Portuguesa;Mecanismos de coesão textual;50
52;transpetro-2026-04-an-lise-de-sistemas-processos-de-neg-cios;Transpetro 2026 — Análise de Sistemas - Processos de Negócios;SUPABASE_ACADEMIC;Língua Portuguesa;Emprego das classes de palavras;50
52;transpetro-2026-04-an-lise-de-sistemas-processos-de-neg-cios;Transpetro 2026 — Análise de Sistemas - Processos de Negócios;SUPABASE_ACADEMIC;Língua Portuguesa;Concordância nominal e verbal;50
52;transpetro-2026-04-an-lise-de-sistemas-processos-de-neg-cios;Transpetro 2026 — Análise de Sistemas - Processos de Negócios;SUPABASE_ACADEMIC;Língua Portuguesa;Emprego do sinal indicativo de crase;50
52;transpetro-2026-04-an-lise-de-sistemas-processos-de-neg-cios;Transpetro 2026 — Análise de Sistemas - Processos de Negócios;SUPABASE_ACADEMIC;Língua Portuguesa;Sinais de pontuação;50
52;transpetro-2026-04-an-lise-de-sistemas-processos-de-neg-cios;Transpetro 2026 — Análise de Sistemas - Processos de Negócios;SUPABASE_ACADEMIC;Língua Portuguesa;Significação das palavras;50
52;transpetro-2026-04-an-lise-de-sistemas-processos-de-neg-cios;Transpetro 2026 — Análise de Sistemas - Processos de Negócios;SUPABASE_ACADEMIC;Língua Portuguesa;Concordância verbal e nominal;50
52;transpetro-2026-04-an-lise-de-sistemas-processos-de-neg-cios;Transpetro 2026 — Análise de Sistemas - Processos de Negócios;SUPABASE_ACADEMIC;Língua Portuguesa;Regência verbal e nominal;50
52;transpetro-2026-04-an-lise-de-sistemas-processos-de-neg-cios;Transpetro 2026 — Análise de Sistemas - Processos de Negócios;SUPABASE_ACADEMIC;Língua Portuguesa;Emprego do sinal indicativo de crase;50
52;transpetro-2026-04-an-lise-de-sistemas-processos-de-neg-cios;Transpetro 2026 — Análise de Sistemas - Processos de Negócios;SUPABASE_ACADEMIC;Língua Portuguesa;Colocação dos pronomes átonos;50
69;transpetro-2026-04-an-lise-de-sistemas-seguran-a-cibern-tica-e-da-informa-o;Transpetro 2026 — Análise de Sistemas - Segurança Cibernética e da Informação;SUPABASE_ACADEMIC;Conhecimentos Específicos;Conteúdo específico — Análise de Sistemas - Segurança Cibernética e da Informação;50
69;transpetro-2026-04-an-lise-de-sistemas-seguran-a-cibern-tica-e-da-informa-o;Transpetro 2026 — Análise de Sistemas - Segurança Cibernética e da Informação;SUPABASE_ACADEMIC;Língua Inglesa;Compreensão de texto escrito em língua inglesa;50
69;transpetro-2026-04-an-lise-de-sistemas-seguran-a-cibern-tica-e-da-informa-o;Transpetro 2026 — Análise de Sistemas - Segurança Cibernética e da Informação;SUPABASE_ACADEMIC;Língua Inglesa;Itens gramaticais relevantes para a compreensão dos conteúdos semânticos;50
69;transpetro-2026-04-an-lise-de-sistemas-seguran-a-cibern-tica-e-da-informa-o;Transpetro 2026 — Análise de Sistemas - Segurança Cibernética e da Informação;SUPABASE_ACADEMIC;Língua Portuguesa;Compreensão de textos de gêneros variados;50
69;transpetro-2026-04-an-lise-de-sistemas-seguran-a-cibern-tica-e-da-informa-o;Transpetro 2026 — Análise de Sistemas - Segurança Cibernética e da Informação;SUPABASE_ACADEMIC;Língua Portuguesa;Ortografia oficial;50
69;transpetro-2026-04-an-lise-de-sistemas-seguran-a-cibern-tica-e-da-informa-o;Transpetro 2026 — Análise de Sistemas - Segurança Cibernética e da Informação;SUPABASE_ACADEMIC;Língua Portuguesa;Mecanismos de coesão textual;50
69;transpetro-2026-04-an-lise-de-sistemas-seguran-a-cibern-tica-e-da-informa-o;Transpetro 2026 — Análise de Sistemas - Segurança Cibernética e da Informação;SUPABASE_ACADEMIC;Língua Portuguesa;Emprego das classes de palavras;50
69;transpetro-2026-04-an-lise-de-sistemas-seguran-a-cibern-tica-e-da-informa-o;Transpetro 2026 — Análise de Sistemas - Segurança Cibernética e da Informação;SUPABASE_ACADEMIC;Língua Portuguesa;Concordância nominal e verbal;50
69;transpetro-2026-04-an-lise-de-sistemas-seguran-a-cibern-tica-e-da-informa-o;Transpetro 2026 — Análise de Sistemas - Segurança Cibernética e da Informação;SUPABASE_ACADEMIC;Língua Portuguesa;Emprego do sinal indicativo de crase;50
69;transpetro-2026-04-an-lise-de-sistemas-seguran-a-cibern-tica-e-da-informa-o;Transpetro 2026 — Análise de Sistemas - Segurança Cibernética e da Informação;SUPABASE_ACADEMIC;Língua Portuguesa;Sinais de pontuação;50
69;transpetro-2026-04-an-lise-de-sistemas-seguran-a-cibern-tica-e-da-informa-o;Transpetro 2026 — Análise de Sistemas - Segurança Cibernética e da Informação;SUPABASE_ACADEMIC;Língua Portuguesa;Significação das palavras;50
69;transpetro-2026-04-an-lise-de-sistemas-seguran-a-cibern-tica-e-da-informa-o;Transpetro 2026 — Análise de Sistemas - Segurança Cibernética e da Informação;SUPABASE_ACADEMIC;Língua Portuguesa;Concordância verbal e nominal;50
69;transpetro-2026-04-an-lise-de-sistemas-seguran-a-cibern-tica-e-da-informa-o;Transpetro 2026 — Análise de Sistemas - Segurança Cibernética e da Informação;SUPABASE_ACADEMIC;Língua Portuguesa;Regência verbal e nominal;50
69;transpetro-2026-04-an-lise-de-sistemas-seguran-a-cibern-tica-e-da-informa-o;Transpetro 2026 — Análise de Sistemas - Segurança Cibernética e da Informação;SUPABASE_ACADEMIC;Língua Portuguesa;Emprego do sinal indicativo de crase;50
69;transpetro-2026-04-an-lise-de-sistemas-seguran-a-cibern-tica-e-da-informa-o;Transpetro 2026 — Análise de Sistemas - Segurança Cibernética e da Informação;SUPABASE_ACADEMIC;Língua Portuguesa;Colocação dos pronomes átonos;50
2;transpetro;Transpetro 2026 — Análise de Sistemas — SAP;SUPABASE_ACADEMIC;Business Intelligence;Extração, Transformação e Carga de Dados (ETL);50
2;transpetro;Transpetro 2026 — Análise de Sistemas — SAP;SUPABASE_ACADEMIC;Business Intelligence;Armazenamento de Metadados;50
2;transpetro;Transpetro 2026 — Análise de Sistemas — SAP;SUPABASE_ACADEMIC;Business Intelligence;Conceitos de Data Warehouse e Data Marts;50
2;transpetro;Transpetro 2026 — Análise de Sistemas — SAP;SUPABASE_ACADEMIC;Business Intelligence;Exploração, análise e apresentação de informações;50
2;transpetro;Transpetro 2026 — Análise de Sistemas — SAP;SUPABASE_ACADEMIC;Business Intelligence;OLAP: modelagem multidimensional, Star/Snowflake, drill down/up/across, slice and dice e pivotagem;50
2;transpetro;Transpetro 2026 — Análise de Sistemas — SAP;SUPABASE_ACADEMIC;Conhecimentos Específicos;Conteúdo específico — Análise de Sistemas - SAP;50
2;transpetro;Transpetro 2026 — Análise de Sistemas — SAP;SUPABASE_ACADEMIC;ERP - Sistema de Gestão Integrada (SAP-ERP);ERP: conceitos, objetivos, vantagens e desvantagens;50
2;transpetro;Transpetro 2026 — Análise de Sistemas — SAP;SUPABASE_ACADEMIC;ERP - Sistema de Gestão Integrada (SAP-ERP);Processos funcionais de Finanças, Custos e Resultados, Consolidação Orçamentária e Contábil e Fluxo de Caixa;50
2;transpetro;Transpetro 2026 — Análise de Sistemas — SAP;SUPABASE_ACADEMIC;ERP - Sistema de Gestão Integrada (SAP-ERP);Configuração, teste e suporte do SAP-ERP nos módulos FI-AP/AR/GL/TRM/FM/BCS/CO;50
2;transpetro;Transpetro 2026 — Análise de Sistemas — SAP;SUPABASE_ACADEMIC;ERP - Sistema de Gestão Integrada (SAP-ERP);Processos funcionais de Logística: compra e venda;50
2;transpetro;Transpetro 2026 — Análise de Sistemas — SAP;SUPABASE_ACADEMIC;ERP - Sistema de Gestão Integrada (SAP-ERP);Configuração, teste e suporte do SAP-ERP nos módulos MM/SD;50
2;transpetro;Transpetro 2026 — Análise de Sistemas — SAP;SUPABASE_ACADEMIC;ERP - Sistema de Gestão Integrada (SAP-ERP);Processos funcionais de Gestão de Pessoas;50
2;transpetro;Transpetro 2026 — Análise de Sistemas — SAP;SUPABASE_ACADEMIC;ERP - Sistema de Gestão Integrada (SAP-ERP);Configuração, teste e suporte do SAP-ERP no módulo HCM;50
2;transpetro;Transpetro 2026 — Análise de Sistemas — SAP;SUPABASE_ACADEMIC;ERP - Sistema de Gestão Integrada (SAP-ERP);Modelagem de soluções para Informações Gerenciais com foco no Planejamento Estratégico e Econômico Financeiro;50
2;transpetro;Transpetro 2026 — Análise de Sistemas — SAP;SUPABASE_ACADEMIC;ERP - Sistema de Gestão Integrada (SAP-ERP);Configuração, teste e suporte do SAP-BI e integrações entre os processos funcionais dos módulos do SAP-ERP;50
2;transpetro;Transpetro 2026 — Análise de Sistemas — SAP;SUPABASE_ACADEMIC;ERP - Sistema de Gestão Integrada (SAP-ERP);Ferramentas de geração de relatórios Report Writer e Report Painter;50
2;transpetro;Transpetro 2026 — Análise de Sistemas — SAP;SUPABASE_ACADEMIC;ERP - Sistema de Gestão Integrada (SAP-ERP);Desenho de perfil de acesso de usuário no SAP-ERP;50
2;transpetro;Transpetro 2026 — Análise de Sistemas — SAP;SUPABASE_ACADEMIC;Gestão de Projetos;Conceitos de Gestão de Projetos;50
2;transpetro;Transpetro 2026 — Análise de Sistemas — SAP;SUPABASE_ACADEMIC;Gestão de Projetos;PMBoK 7ª edição;50
2;transpetro;Transpetro 2026 — Análise de Sistemas — SAP;SUPABASE_ACADEMIC;Gestão de Projetos;Processos Ágeis: SCRUM e KANBAN;50
2;transpetro;Transpetro 2026 — Análise de Sistemas — SAP;SUPABASE_ACADEMIC;Gestão de Projetos;Metodologias, técnicas e ferramentas da gerência de projetos;50
2;transpetro;Transpetro 2026 — Análise de Sistemas — SAP;SUPABASE_ACADEMIC;Língua Inglesa;Compreensão de texto escrito em língua inglesa;50
2;transpetro;Transpetro 2026 — Análise de Sistemas — SAP;SUPABASE_ACADEMIC;Língua Inglesa;Itens gramaticais relevantes para a compreensão dos conteúdos semânticos;50
2;transpetro;Transpetro 2026 — Análise de Sistemas — SAP;SUPABASE_ACADEMIC;Língua Inglesa;Compreensão de texto escrito em língua inglesa;50
2;transpetro;Transpetro 2026 — Análise de Sistemas — SAP;SUPABASE_ACADEMIC;Língua Inglesa;Itens gramaticais relevantes para a compreensão dos conteúdos semânticos;50
2;transpetro;Transpetro 2026 — Análise de Sistemas — SAP;SUPABASE_ACADEMIC;Língua Portuguesa;Compreensão de textos;50
2;transpetro;Transpetro 2026 — Análise de Sistemas — SAP;SUPABASE_ACADEMIC;Língua Portuguesa;Compreensão de textos de gêneros variados;50
2;transpetro;Transpetro 2026 — Análise de Sistemas — SAP;SUPABASE_ACADEMIC;Língua Portuguesa;Ortografia oficial;50
2;transpetro;Transpetro 2026 — Análise de Sistemas — SAP;SUPABASE_ACADEMIC;Língua Portuguesa;Ortografia oficial;50
2;transpetro;Transpetro 2026 — Análise de Sistemas — SAP;SUPABASE_ACADEMIC;Língua Portuguesa;Mecanismos de coesão textual;50
2;transpetro;Transpetro 2026 — Análise de Sistemas — SAP;SUPABASE_ACADEMIC;Língua Portuguesa;Mecanismos de coesão textual;50
2;transpetro;Transpetro 2026 — Análise de Sistemas — SAP;SUPABASE_ACADEMIC;Língua Portuguesa;Emprego das classes de palavras;50
2;transpetro;Transpetro 2026 — Análise de Sistemas — SAP;SUPABASE_ACADEMIC;Língua Portuguesa;Significação das palavras;50
2;transpetro;Transpetro 2026 — Análise de Sistemas — SAP;SUPABASE_ACADEMIC;Língua Portuguesa;Concordância nominal e verbal;50
2;transpetro;Transpetro 2026 — Análise de Sistemas — SAP;SUPABASE_ACADEMIC;Língua Portuguesa;Emprego de tempos e modos verbais;50
2;transpetro;Transpetro 2026 — Análise de Sistemas — SAP;SUPABASE_ACADEMIC;Língua Portuguesa;Emprego das classes de palavras;50
2;transpetro;Transpetro 2026 — Análise de Sistemas — SAP;SUPABASE_ACADEMIC;Língua Portuguesa;Emprego do sinal indicativo de crase;51
2;transpetro;Transpetro 2026 — Análise de Sistemas — SAP;SUPABASE_ACADEMIC;Língua Portuguesa;Coordenação e de subordinação;50
2;transpetro;Transpetro 2026 — Análise de Sistemas — SAP;SUPABASE_ACADEMIC;Língua Portuguesa;Sinais de pontuação;50
2;transpetro;Transpetro 2026 — Análise de Sistemas — SAP;SUPABASE_ACADEMIC;Língua Portuguesa;Emprego dos sinais de pontuação;50
2;transpetro;Transpetro 2026 — Análise de Sistemas — SAP;SUPABASE_ACADEMIC;Língua Portuguesa;Significação das palavras;50
2;transpetro;Transpetro 2026 — Análise de Sistemas — SAP;SUPABASE_ACADEMIC;Língua Portuguesa;Concordância verbal e nominal;50
2;transpetro;Transpetro 2026 — Análise de Sistemas — SAP;SUPABASE_ACADEMIC;Língua Portuguesa;Concordância verbal e nominal;50
2;transpetro;Transpetro 2026 — Análise de Sistemas — SAP;SUPABASE_ACADEMIC;Língua Portuguesa;Regência verbal e nominal;50
2;transpetro;Transpetro 2026 — Análise de Sistemas — SAP;SUPABASE_ACADEMIC;Língua Portuguesa;Regência verbal e nominal;50
2;transpetro;Transpetro 2026 — Análise de Sistemas — SAP;SUPABASE_ACADEMIC;Língua Portuguesa;Emprego do sinal indicativo de crase;51
2;transpetro;Transpetro 2026 — Análise de Sistemas — SAP;SUPABASE_ACADEMIC;Língua Portuguesa;Emprego do sinal indicativo de crase;51
2;transpetro;Transpetro 2026 — Análise de Sistemas — SAP;SUPABASE_ACADEMIC;Língua Portuguesa;Colocação dos pronomes átonos;50
2;transpetro;Transpetro 2026 — Análise de Sistemas — SAP;SUPABASE_ACADEMIC;Língua Portuguesa;Colocação dos pronomes átonos;50
2;transpetro;Transpetro 2026 — Análise de Sistemas — SAP;SUPABASE_ACADEMIC;Mineração de Dados;Conceitos de mineração de dados;50
2;transpetro;Transpetro 2026 — Análise de Sistemas — SAP;SUPABASE_ACADEMIC;Mineração de Dados;Classificação e agrupamento de dados;50
2;transpetro;Transpetro 2026 — Análise de Sistemas — SAP;SUPABASE_ACADEMIC;Mineração de Dados;Algoritmos de mineração de dados;50
2;transpetro;Transpetro 2026 — Análise de Sistemas — SAP;SUPABASE_ACADEMIC;Mineração de Dados;Conceitos de Balanced Scorecard;50
2;transpetro;Transpetro 2026 — Análise de Sistemas — SAP;SUPABASE_ACADEMIC;Modelagem de Sistemas de Informação;Sistemas de Informação: conceitos, tipos, características e tecnologias;50
2;transpetro;Transpetro 2026 — Análise de Sistemas — SAP;SUPABASE_ACADEMIC;Modelagem de Sistemas de Informação;Ciclos de vida de Sistemas de Informação;50
2;transpetro;Transpetro 2026 — Análise de Sistemas — SAP;SUPABASE_ACADEMIC;Modelagem de Sistemas de Informação;Processos de Desenvolvimento de Software;50
2;transpetro;Transpetro 2026 — Análise de Sistemas — SAP;SUPABASE_ACADEMIC;Modelagem de Sistemas de Informação;Requisitos: conceitos, características, tipos, técnicas de análise e elicitação;50
2;transpetro;Transpetro 2026 — Análise de Sistemas — SAP;SUPABASE_ACADEMIC;Modelagem de Sistemas de Informação;Modelagem de Processos de Negócio: processos de negócios, Aris-EPC, BPMN 2.0, Diagrama de Atividade UML e regras de negócios;50
2;transpetro;Transpetro 2026 — Análise de Sistemas — SAP;SUPABASE_ACADEMIC;Modelagem de Sistemas de Informação;Modelo de Entidades e Relacionamentos;50
2;transpetro;Transpetro 2026 — Análise de Sistemas — SAP;SUPABASE_ACADEMIC;Modelagem de Sistemas de Informação;Processo Unificado, UML 2.5.1 e seus diagramas;50
26;transpetro-2026-01-auxiliar-de-sa-de-asa-;Transpetro 2026 — Auxiliar de Saúde (ASA);SUPABASE_ACADEMIC;Conhecimentos Específicos;Conteúdo específico — Auxiliar de Saúde (ASA);50
26;transpetro-2026-01-auxiliar-de-sa-de-asa-;Transpetro 2026 — Auxiliar de Saúde (ASA);SUPABASE_ACADEMIC;Língua Portuguesa;Compreensão de textos de gêneros variados;50
26;transpetro-2026-01-auxiliar-de-sa-de-asa-;Transpetro 2026 — Auxiliar de Saúde (ASA);SUPABASE_ACADEMIC;Língua Portuguesa;Ortografia oficial;50
26;transpetro-2026-01-auxiliar-de-sa-de-asa-;Transpetro 2026 — Auxiliar de Saúde (ASA);SUPABASE_ACADEMIC;Língua Portuguesa;Mecanismos de coesão textual;50
26;transpetro-2026-01-auxiliar-de-sa-de-asa-;Transpetro 2026 — Auxiliar de Saúde (ASA);SUPABASE_ACADEMIC;Língua Portuguesa;Emprego das classes de palavras;50
26;transpetro-2026-01-auxiliar-de-sa-de-asa-;Transpetro 2026 — Auxiliar de Saúde (ASA);SUPABASE_ACADEMIC;Língua Portuguesa;Concordância nominal e verbal;50
26;transpetro-2026-01-auxiliar-de-sa-de-asa-;Transpetro 2026 — Auxiliar de Saúde (ASA);SUPABASE_ACADEMIC;Língua Portuguesa;Emprego do sinal indicativo de crase;51
26;transpetro-2026-01-auxiliar-de-sa-de-asa-;Transpetro 2026 — Auxiliar de Saúde (ASA);SUPABASE_ACADEMIC;Língua Portuguesa;Sinais de pontuação;50
26;transpetro-2026-01-auxiliar-de-sa-de-asa-;Transpetro 2026 — Auxiliar de Saúde (ASA);SUPABASE_ACADEMIC;Língua Portuguesa;Significação das palavras;50
45;transpetro-2026-04-ci-ncia-de-dados;Transpetro 2026 — Ciência de Dados;SUPABASE_ACADEMIC;Business Intelligence;Business Intelligence;50
45;transpetro-2026-04-ci-ncia-de-dados;Transpetro 2026 — Ciência de Dados;SUPABASE_ACADEMIC;Conhecimentos Específicos;Conteúdo específico — Ciência de Dados;50
45;transpetro-2026-04-ci-ncia-de-dados;Transpetro 2026 — Ciência de Dados;SUPABASE_ACADEMIC;Língua Inglesa;Compreensão de texto escrito em língua inglesa;50
45;transpetro-2026-04-ci-ncia-de-dados;Transpetro 2026 — Ciência de Dados;SUPABASE_ACADEMIC;Língua Inglesa;Itens gramaticais relevantes para a compreensão dos conteúdos semânticos;50
45;transpetro-2026-04-ci-ncia-de-dados;Transpetro 2026 — Ciência de Dados;SUPABASE_ACADEMIC;Língua Portuguesa;Compreensão de textos de gêneros variados;50
45;transpetro-2026-04-ci-ncia-de-dados;Transpetro 2026 — Ciência de Dados;SUPABASE_ACADEMIC;Língua Portuguesa;Ortografia oficial;50
45;transpetro-2026-04-ci-ncia-de-dados;Transpetro 2026 — Ciência de Dados;SUPABASE_ACADEMIC;Língua Portuguesa;Mecanismos de coesão textual;50
45;transpetro-2026-04-ci-ncia-de-dados;Transpetro 2026 — Ciência de Dados;SUPABASE_ACADEMIC;Língua Portuguesa;Emprego das classes de palavras;50
45;transpetro-2026-04-ci-ncia-de-dados;Transpetro 2026 — Ciência de Dados;SUPABASE_ACADEMIC;Língua Portuguesa;Concordância nominal e verbal;50
45;transpetro-2026-04-ci-ncia-de-dados;Transpetro 2026 — Ciência de Dados;SUPABASE_ACADEMIC;Língua Portuguesa;Emprego do sinal indicativo de crase;50
45;transpetro-2026-04-ci-ncia-de-dados;Transpetro 2026 — Ciência de Dados;SUPABASE_ACADEMIC;Língua Portuguesa;Sinais de pontuação;50
45;transpetro-2026-04-ci-ncia-de-dados;Transpetro 2026 — Ciência de Dados;SUPABASE_ACADEMIC;Língua Portuguesa;Significação das palavras;50
45;transpetro-2026-04-ci-ncia-de-dados;Transpetro 2026 — Ciência de Dados;SUPABASE_ACADEMIC;Língua Portuguesa;Concordância verbal e nominal;50
45;transpetro-2026-04-ci-ncia-de-dados;Transpetro 2026 — Ciência de Dados;SUPABASE_ACADEMIC;Língua Portuguesa;Regência verbal e nominal;50
45;transpetro-2026-04-ci-ncia-de-dados;Transpetro 2026 — Ciência de Dados;SUPABASE_ACADEMIC;Língua Portuguesa;Emprego do sinal indicativo de crase;50
45;transpetro-2026-04-ci-ncia-de-dados;Transpetro 2026 — Ciência de Dados;SUPABASE_ACADEMIC;Língua Portuguesa;Colocação dos pronomes átonos;50
45;transpetro-2026-04-ci-ncia-de-dados;Transpetro 2026 — Ciência de Dados;SUPABASE_ACADEMIC;Mineração de Dados;Mineração de Dados;50
49;transpetro-2026-04-comercializa-o-e-log-stica-com-rcio-e-suprimentos;Transpetro 2026 — Comercialização e Logística - Comércio e Suprimentos;SUPABASE_ACADEMIC;Conhecimentos Específicos;Conteúdo específico — Comercialização e Logística - Comércio e Suprimentos;50
49;transpetro-2026-04-comercializa-o-e-log-stica-com-rcio-e-suprimentos;Transpetro 2026 — Comercialização e Logística - Comércio e Suprimentos;SUPABASE_ACADEMIC;Língua Inglesa;Compreensão de texto escrito em língua inglesa;50
49;transpetro-2026-04-comercializa-o-e-log-stica-com-rcio-e-suprimentos;Transpetro 2026 — Comercialização e Logística - Comércio e Suprimentos;SUPABASE_ACADEMIC;Língua Inglesa;Itens gramaticais relevantes para a compreensão dos conteúdos semânticos;50
49;transpetro-2026-04-comercializa-o-e-log-stica-com-rcio-e-suprimentos;Transpetro 2026 — Comercialização e Logística - Comércio e Suprimentos;SUPABASE_ACADEMIC;Língua Portuguesa;Compreensão de textos de gêneros variados;50
49;transpetro-2026-04-comercializa-o-e-log-stica-com-rcio-e-suprimentos;Transpetro 2026 — Comercialização e Logística - Comércio e Suprimentos;SUPABASE_ACADEMIC;Língua Portuguesa;Ortografia oficial;50
49;transpetro-2026-04-comercializa-o-e-log-stica-com-rcio-e-suprimentos;Transpetro 2026 — Comercialização e Logística - Comércio e Suprimentos;SUPABASE_ACADEMIC;Língua Portuguesa;Mecanismos de coesão textual;50
49;transpetro-2026-04-comercializa-o-e-log-stica-com-rcio-e-suprimentos;Transpetro 2026 — Comercialização e Logística - Comércio e Suprimentos;SUPABASE_ACADEMIC;Língua Portuguesa;Emprego das classes de palavras;50
49;transpetro-2026-04-comercializa-o-e-log-stica-com-rcio-e-suprimentos;Transpetro 2026 — Comercialização e Logística - Comércio e Suprimentos;SUPABASE_ACADEMIC;Língua Portuguesa;Concordância nominal e verbal;50
49;transpetro-2026-04-comercializa-o-e-log-stica-com-rcio-e-suprimentos;Transpetro 2026 — Comercialização e Logística - Comércio e Suprimentos;SUPABASE_ACADEMIC;Língua Portuguesa;Emprego do sinal indicativo de crase;50
49;transpetro-2026-04-comercializa-o-e-log-stica-com-rcio-e-suprimentos;Transpetro 2026 — Comercialização e Logística - Comércio e Suprimentos;SUPABASE_ACADEMIC;Língua Portuguesa;Sinais de pontuação;50
49;transpetro-2026-04-comercializa-o-e-log-stica-com-rcio-e-suprimentos;Transpetro 2026 — Comercialização e Logística - Comércio e Suprimentos;SUPABASE_ACADEMIC;Língua Portuguesa;Significação das palavras;50
49;transpetro-2026-04-comercializa-o-e-log-stica-com-rcio-e-suprimentos;Transpetro 2026 — Comercialização e Logística - Comércio e Suprimentos;SUPABASE_ACADEMIC;Língua Portuguesa;Concordância verbal e nominal;50
49;transpetro-2026-04-comercializa-o-e-log-stica-com-rcio-e-suprimentos;Transpetro 2026 — Comercialização e Logística - Comércio e Suprimentos;SUPABASE_ACADEMIC;Língua Portuguesa;Regência verbal e nominal;50
49;transpetro-2026-04-comercializa-o-e-log-stica-com-rcio-e-suprimentos;Transpetro 2026 — Comercialização e Logística - Comércio e Suprimentos;SUPABASE_ACADEMIC;Língua Portuguesa;Emprego do sinal indicativo de crase;50
49;transpetro-2026-04-comercializa-o-e-log-stica-com-rcio-e-suprimentos;Transpetro 2026 — Comercialização e Logística - Comércio e Suprimentos;SUPABASE_ACADEMIC;Língua Portuguesa;Colocação dos pronomes átonos;50
62;transpetro-2026-04-comercializa-o-e-log-stica-transporte-mar-timo;Transpetro 2026 — Comercialização e Logística - Transporte Marítimo;SUPABASE_ACADEMIC;Conhecimentos Específicos;Conteúdo específico — Comercialização e Logística - Transporte Marítimo;50
62;transpetro-2026-04-comercializa-o-e-log-stica-transporte-mar-timo;Transpetro 2026 — Comercialização e Logística - Transporte Marítimo;SUPABASE_ACADEMIC;Língua Inglesa;Compreensão de texto escrito em língua inglesa;50
62;transpetro-2026-04-comercializa-o-e-log-stica-transporte-mar-timo;Transpetro 2026 — Comercialização e Logística - Transporte Marítimo;SUPABASE_ACADEMIC;Língua Inglesa;Itens gramaticais relevantes para a compreensão dos conteúdos semânticos;50
62;transpetro-2026-04-comercializa-o-e-log-stica-transporte-mar-timo;Transpetro 2026 — Comercialização e Logística - Transporte Marítimo;SUPABASE_ACADEMIC;Língua Portuguesa;Compreensão de textos de gêneros variados;50
62;transpetro-2026-04-comercializa-o-e-log-stica-transporte-mar-timo;Transpetro 2026 — Comercialização e Logística - Transporte Marítimo;SUPABASE_ACADEMIC;Língua Portuguesa;Ortografia oficial;50
62;transpetro-2026-04-comercializa-o-e-log-stica-transporte-mar-timo;Transpetro 2026 — Comercialização e Logística - Transporte Marítimo;SUPABASE_ACADEMIC;Língua Portuguesa;Mecanismos de coesão textual;50
62;transpetro-2026-04-comercializa-o-e-log-stica-transporte-mar-timo;Transpetro 2026 — Comercialização e Logística - Transporte Marítimo;SUPABASE_ACADEMIC;Língua Portuguesa;Emprego das classes de palavras;50
62;transpetro-2026-04-comercializa-o-e-log-stica-transporte-mar-timo;Transpetro 2026 — Comercialização e Logística - Transporte Marítimo;SUPABASE_ACADEMIC;Língua Portuguesa;Concordância nominal e verbal;50
62;transpetro-2026-04-comercializa-o-e-log-stica-transporte-mar-timo;Transpetro 2026 — Comercialização e Logística - Transporte Marítimo;SUPABASE_ACADEMIC;Língua Portuguesa;Emprego do sinal indicativo de crase;50
62;transpetro-2026-04-comercializa-o-e-log-stica-transporte-mar-timo;Transpetro 2026 — Comercialização e Logística - Transporte Marítimo;SUPABASE_ACADEMIC;Língua Portuguesa;Sinais de pontuação;50
62;transpetro-2026-04-comercializa-o-e-log-stica-transporte-mar-timo;Transpetro 2026 — Comercialização e Logística - Transporte Marítimo;SUPABASE_ACADEMIC;Língua Portuguesa;Significação das palavras;50
62;transpetro-2026-04-comercializa-o-e-log-stica-transporte-mar-timo;Transpetro 2026 — Comercialização e Logística - Transporte Marítimo;SUPABASE_ACADEMIC;Língua Portuguesa;Concordância verbal e nominal;50
62;transpetro-2026-04-comercializa-o-e-log-stica-transporte-mar-timo;Transpetro 2026 — Comercialização e Logística - Transporte Marítimo;SUPABASE_ACADEMIC;Língua Portuguesa;Regência verbal e nominal;50
62;transpetro-2026-04-comercializa-o-e-log-stica-transporte-mar-timo;Transpetro 2026 — Comercialização e Logística - Transporte Marítimo;SUPABASE_ACADEMIC;Língua Portuguesa;Emprego do sinal indicativo de crase;50
62;transpetro-2026-04-comercializa-o-e-log-stica-transporte-mar-timo;Transpetro 2026 — Comercialização e Logística - Transporte Marítimo;SUPABASE_ACADEMIC;Língua Portuguesa;Colocação dos pronomes átonos;50
68;transpetro-2026-04-comunica-o-social-jornalismo;Transpetro 2026 — Comunicação Social - Jornalismo;SUPABASE_ACADEMIC;Conhecimentos Específicos;Conteúdo específico — Comunicação Social - Jornalismo;50
68;transpetro-2026-04-comunica-o-social-jornalismo;Transpetro 2026 — Comunicação Social - Jornalismo;SUPABASE_ACADEMIC;Língua Inglesa;Compreensão de texto escrito em língua inglesa;50
68;transpetro-2026-04-comunica-o-social-jornalismo;Transpetro 2026 — Comunicação Social - Jornalismo;SUPABASE_ACADEMIC;Língua Inglesa;Itens gramaticais relevantes para a compreensão dos conteúdos semânticos;50
68;transpetro-2026-04-comunica-o-social-jornalismo;Transpetro 2026 — Comunicação Social - Jornalismo;SUPABASE_ACADEMIC;Língua Portuguesa;Compreensão de textos de gêneros variados;50
68;transpetro-2026-04-comunica-o-social-jornalismo;Transpetro 2026 — Comunicação Social - Jornalismo;SUPABASE_ACADEMIC;Língua Portuguesa;Ortografia oficial;50
68;transpetro-2026-04-comunica-o-social-jornalismo;Transpetro 2026 — Comunicação Social - Jornalismo;SUPABASE_ACADEMIC;Língua Portuguesa;Mecanismos de coesão textual;50
68;transpetro-2026-04-comunica-o-social-jornalismo;Transpetro 2026 — Comunicação Social - Jornalismo;SUPABASE_ACADEMIC;Língua Portuguesa;Emprego das classes de palavras;50
68;transpetro-2026-04-comunica-o-social-jornalismo;Transpetro 2026 — Comunicação Social - Jornalismo;SUPABASE_ACADEMIC;Língua Portuguesa;Concordância nominal e verbal;50
68;transpetro-2026-04-comunica-o-social-jornalismo;Transpetro 2026 — Comunicação Social - Jornalismo;SUPABASE_ACADEMIC;Língua Portuguesa;Emprego do sinal indicativo de crase;50
68;transpetro-2026-04-comunica-o-social-jornalismo;Transpetro 2026 — Comunicação Social - Jornalismo;SUPABASE_ACADEMIC;Língua Portuguesa;Sinais de pontuação;50
68;transpetro-2026-04-comunica-o-social-jornalismo;Transpetro 2026 — Comunicação Social - Jornalismo;SUPABASE_ACADEMIC;Língua Portuguesa;Significação das palavras;50
68;transpetro-2026-04-comunica-o-social-jornalismo;Transpetro 2026 — Comunicação Social - Jornalismo;SUPABASE_ACADEMIC;Língua Portuguesa;Concordância verbal e nominal;50
68;transpetro-2026-04-comunica-o-social-jornalismo;Transpetro 2026 — Comunicação Social - Jornalismo;SUPABASE_ACADEMIC;Língua Portuguesa;Regência verbal e nominal;50
68;transpetro-2026-04-comunica-o-social-jornalismo;Transpetro 2026 — Comunicação Social - Jornalismo;SUPABASE_ACADEMIC;Língua Portuguesa;Emprego do sinal indicativo de crase;50
68;transpetro-2026-04-comunica-o-social-jornalismo;Transpetro 2026 — Comunicação Social - Jornalismo;SUPABASE_ACADEMIC;Língua Portuguesa;Colocação dos pronomes átonos;50
55;transpetro-2026-04-comunica-o-social-rela-es-p-blicas;Transpetro 2026 — Comunicação Social - Relações Públicas;SUPABASE_ACADEMIC;Conhecimentos Específicos;Conteúdo específico — Comunicação Social - Relações Públicas;50
55;transpetro-2026-04-comunica-o-social-rela-es-p-blicas;Transpetro 2026 — Comunicação Social - Relações Públicas;SUPABASE_ACADEMIC;Língua Inglesa;Compreensão de texto escrito em língua inglesa;50
55;transpetro-2026-04-comunica-o-social-rela-es-p-blicas;Transpetro 2026 — Comunicação Social - Relações Públicas;SUPABASE_ACADEMIC;Língua Inglesa;Itens gramaticais relevantes para a compreensão dos conteúdos semânticos;50
55;transpetro-2026-04-comunica-o-social-rela-es-p-blicas;Transpetro 2026 — Comunicação Social - Relações Públicas;SUPABASE_ACADEMIC;Língua Portuguesa;Compreensão de textos de gêneros variados;50
55;transpetro-2026-04-comunica-o-social-rela-es-p-blicas;Transpetro 2026 — Comunicação Social - Relações Públicas;SUPABASE_ACADEMIC;Língua Portuguesa;Ortografia oficial;50
55;transpetro-2026-04-comunica-o-social-rela-es-p-blicas;Transpetro 2026 — Comunicação Social - Relações Públicas;SUPABASE_ACADEMIC;Língua Portuguesa;Mecanismos de coesão textual;50
55;transpetro-2026-04-comunica-o-social-rela-es-p-blicas;Transpetro 2026 — Comunicação Social - Relações Públicas;SUPABASE_ACADEMIC;Língua Portuguesa;Emprego das classes de palavras;50
55;transpetro-2026-04-comunica-o-social-rela-es-p-blicas;Transpetro 2026 — Comunicação Social - Relações Públicas;SUPABASE_ACADEMIC;Língua Portuguesa;Concordância nominal e verbal;50
55;transpetro-2026-04-comunica-o-social-rela-es-p-blicas;Transpetro 2026 — Comunicação Social - Relações Públicas;SUPABASE_ACADEMIC;Língua Portuguesa;Emprego do sinal indicativo de crase;50
55;transpetro-2026-04-comunica-o-social-rela-es-p-blicas;Transpetro 2026 — Comunicação Social - Relações Públicas;SUPABASE_ACADEMIC;Língua Portuguesa;Sinais de pontuação;50
55;transpetro-2026-04-comunica-o-social-rela-es-p-blicas;Transpetro 2026 — Comunicação Social - Relações Públicas;SUPABASE_ACADEMIC;Língua Portuguesa;Significação das palavras;50
55;transpetro-2026-04-comunica-o-social-rela-es-p-blicas;Transpetro 2026 — Comunicação Social - Relações Públicas;SUPABASE_ACADEMIC;Língua Portuguesa;Concordância verbal e nominal;50
55;transpetro-2026-04-comunica-o-social-rela-es-p-blicas;Transpetro 2026 — Comunicação Social - Relações Públicas;SUPABASE_ACADEMIC;Língua Portuguesa;Regência verbal e nominal;50
55;transpetro-2026-04-comunica-o-social-rela-es-p-blicas;Transpetro 2026 — Comunicação Social - Relações Públicas;SUPABASE_ACADEMIC;Língua Portuguesa;Emprego do sinal indicativo de crase;50
55;transpetro-2026-04-comunica-o-social-rela-es-p-blicas;Transpetro 2026 — Comunicação Social - Relações Públicas;SUPABASE_ACADEMIC;Língua Portuguesa;Colocação dos pronomes átonos;50
18;transpetro-2026-01-condutor-bombeador-cdm-bbd-;Transpetro 2026 — Condutor Bombeador (CDM/BBD);SUPABASE_ACADEMIC;Conhecimentos Específicos;Conteúdo específico — Condutor Bombeador (CDM/BBD);50
18;transpetro-2026-01-condutor-bombeador-cdm-bbd-;Transpetro 2026 — Condutor Bombeador (CDM/BBD);SUPABASE_ACADEMIC;Inglês Técnico Marítimo;Compreensão de texto escrito em língua inglesa;50
18;transpetro-2026-01-condutor-bombeador-cdm-bbd-;Transpetro 2026 — Condutor Bombeador (CDM/BBD);SUPABASE_ACADEMIC;Inglês Técnico Marítimo;Itens gramaticais relevantes para a compreensão dos conteúdos semânticos;50
18;transpetro-2026-01-condutor-bombeador-cdm-bbd-;Transpetro 2026 — Condutor Bombeador (CDM/BBD);SUPABASE_ACADEMIC;Inglês Técnico Marítimo;Inglês Técnico Marítimo;50
18;transpetro-2026-01-condutor-bombeador-cdm-bbd-;Transpetro 2026 — Condutor Bombeador (CDM/BBD);SUPABASE_ACADEMIC;Língua Portuguesa;Compreensão de textos de gêneros variados;50
18;transpetro-2026-01-condutor-bombeador-cdm-bbd-;Transpetro 2026 — Condutor Bombeador (CDM/BBD);SUPABASE_ACADEMIC;Língua Portuguesa;Ortografia oficial;50
18;transpetro-2026-01-condutor-bombeador-cdm-bbd-;Transpetro 2026 — Condutor Bombeador (CDM/BBD);SUPABASE_ACADEMIC;Língua Portuguesa;Mecanismos de coesão textual;50
18;transpetro-2026-01-condutor-bombeador-cdm-bbd-;Transpetro 2026 — Condutor Bombeador (CDM/BBD);SUPABASE_ACADEMIC;Língua Portuguesa;Emprego das classes de palavras;50
18;transpetro-2026-01-condutor-bombeador-cdm-bbd-;Transpetro 2026 — Condutor Bombeador (CDM/BBD);SUPABASE_ACADEMIC;Língua Portuguesa;Concordância nominal e verbal;50
18;transpetro-2026-01-condutor-bombeador-cdm-bbd-;Transpetro 2026 — Condutor Bombeador (CDM/BBD);SUPABASE_ACADEMIC;Língua Portuguesa;Emprego do sinal indicativo de crase;50
18;transpetro-2026-01-condutor-bombeador-cdm-bbd-;Transpetro 2026 — Condutor Bombeador (CDM/BBD);SUPABASE_ACADEMIC;Língua Portuguesa;Sinais de pontuação;50
18;transpetro-2026-01-condutor-bombeador-cdm-bbd-;Transpetro 2026 — Condutor Bombeador (CDM/BBD);SUPABASE_ACADEMIC;Língua Portuguesa;Significação das palavras;50
23;transpetro-2026-01-condutor-mec-nico-cdm-mec-;Transpetro 2026 — Condutor Mecânico (CDM/MEC);SUPABASE_ACADEMIC;Conhecimentos Específicos;Conteúdo específico — Condutor Mecânico (CDM/MEC);50
23;transpetro-2026-01-condutor-mec-nico-cdm-mec-;Transpetro 2026 — Condutor Mecânico (CDM/MEC);SUPABASE_ACADEMIC;Inglês Técnico Marítimo;Compreensão de texto escrito em língua inglesa;50
23;transpetro-2026-01-condutor-mec-nico-cdm-mec-;Transpetro 2026 — Condutor Mecânico (CDM/MEC);SUPABASE_ACADEMIC;Inglês Técnico Marítimo;Itens gramaticais relevantes para a compreensão dos conteúdos semânticos;50
23;transpetro-2026-01-condutor-mec-nico-cdm-mec-;Transpetro 2026 — Condutor Mecânico (CDM/MEC);SUPABASE_ACADEMIC;Inglês Técnico Marítimo;Inglês Técnico Marítimo;50
23;transpetro-2026-01-condutor-mec-nico-cdm-mec-;Transpetro 2026 — Condutor Mecânico (CDM/MEC);SUPABASE_ACADEMIC;Língua Portuguesa;Compreensão de textos de gêneros variados;50
23;transpetro-2026-01-condutor-mec-nico-cdm-mec-;Transpetro 2026 — Condutor Mecânico (CDM/MEC);SUPABASE_ACADEMIC;Língua Portuguesa;Ortografia oficial;50
23;transpetro-2026-01-condutor-mec-nico-cdm-mec-;Transpetro 2026 — Condutor Mecânico (CDM/MEC);SUPABASE_ACADEMIC;Língua Portuguesa;Mecanismos de coesão textual;50
23;transpetro-2026-01-condutor-mec-nico-cdm-mec-;Transpetro 2026 — Condutor Mecânico (CDM/MEC);SUPABASE_ACADEMIC;Língua Portuguesa;Emprego das classes de palavras;50
23;transpetro-2026-01-condutor-mec-nico-cdm-mec-;Transpetro 2026 — Condutor Mecânico (CDM/MEC);SUPABASE_ACADEMIC;Língua Portuguesa;Concordância nominal e verbal;50
23;transpetro-2026-01-condutor-mec-nico-cdm-mec-;Transpetro 2026 — Condutor Mecânico (CDM/MEC);SUPABASE_ACADEMIC;Língua Portuguesa;Emprego do sinal indicativo de crase;50
23;transpetro-2026-01-condutor-mec-nico-cdm-mec-;Transpetro 2026 — Condutor Mecânico (CDM/MEC);SUPABASE_ACADEMIC;Língua Portuguesa;Sinais de pontuação;50
23;transpetro-2026-01-condutor-mec-nico-cdm-mec-;Transpetro 2026 — Condutor Mecânico (CDM/MEC);SUPABASE_ACADEMIC;Língua Portuguesa;Significação das palavras;50
38;transpetro-2026-03-contabilidade-nm-;Transpetro 2026 — Contabilidade (NM);SUPABASE_ACADEMIC;Conhecimentos Específicos;Conteúdo específico — Contabilidade (NM);50
38;transpetro-2026-03-contabilidade-nm-;Transpetro 2026 — Contabilidade (NM);SUPABASE_ACADEMIC;Língua Portuguesa;Compreensão de textos de gêneros variados;50
38;transpetro-2026-03-contabilidade-nm-;Transpetro 2026 — Contabilidade (NM);SUPABASE_ACADEMIC;Língua Portuguesa;Ortografia oficial;50
38;transpetro-2026-03-contabilidade-nm-;Transpetro 2026 — Contabilidade (NM);SUPABASE_ACADEMIC;Língua Portuguesa;Mecanismos de coesão textual;50
38;transpetro-2026-03-contabilidade-nm-;Transpetro 2026 — Contabilidade (NM);SUPABASE_ACADEMIC;Língua Portuguesa;Emprego das classes de palavras;50
38;transpetro-2026-03-contabilidade-nm-;Transpetro 2026 — Contabilidade (NM);SUPABASE_ACADEMIC;Língua Portuguesa;Concordância nominal e verbal;50
38;transpetro-2026-03-contabilidade-nm-;Transpetro 2026 — Contabilidade (NM);SUPABASE_ACADEMIC;Língua Portuguesa;Emprego do sinal indicativo de crase;50
38;transpetro-2026-03-contabilidade-nm-;Transpetro 2026 — Contabilidade (NM);SUPABASE_ACADEMIC;Língua Portuguesa;Sinais de pontuação;50
38;transpetro-2026-03-contabilidade-nm-;Transpetro 2026 — Contabilidade (NM);SUPABASE_ACADEMIC;Língua Portuguesa;Significação das palavras;50
38;transpetro-2026-03-contabilidade-nm-;Transpetro 2026 — Contabilidade (NM);SUPABASE_ACADEMIC;Matemática;Conjuntos numéricos;50
38;transpetro-2026-03-contabilidade-nm-;Transpetro 2026 — Contabilidade (NM);SUPABASE_ACADEMIC;Matemática;Razão e proporção, regra de três e porcentagem;65
38;transpetro-2026-03-contabilidade-nm-;Transpetro 2026 — Contabilidade (NM);SUPABASE_ACADEMIC;Matemática;Relações e funções;50
38;transpetro-2026-03-contabilidade-nm-;Transpetro 2026 — Contabilidade (NM);SUPABASE_ACADEMIC;Matemática;Equações e sistemas de equações lineares;50
38;transpetro-2026-03-contabilidade-nm-;Transpetro 2026 — Contabilidade (NM);SUPABASE_ACADEMIC;Matemática;Análise combinatória;50
38;transpetro-2026-03-contabilidade-nm-;Transpetro 2026 — Contabilidade (NM);SUPABASE_ACADEMIC;Matemática;Probabilidade básica;50
41;transpetro-2026-04-contabilidade-ns-;Transpetro 2026 — Contabilidade (NS);SUPABASE_ACADEMIC;Conhecimentos Específicos;Conteúdo específico — Contabilidade (NS);50
41;transpetro-2026-04-contabilidade-ns-;Transpetro 2026 — Contabilidade (NS);SUPABASE_ACADEMIC;Língua Inglesa;Compreensão de texto escrito em língua inglesa;50
41;transpetro-2026-04-contabilidade-ns-;Transpetro 2026 — Contabilidade (NS);SUPABASE_ACADEMIC;Língua Inglesa;Itens gramaticais relevantes para a compreensão dos conteúdos semânticos;50
41;transpetro-2026-04-contabilidade-ns-;Transpetro 2026 — Contabilidade (NS);SUPABASE_ACADEMIC;Língua Portuguesa;Compreensão de textos de gêneros variados;50
41;transpetro-2026-04-contabilidade-ns-;Transpetro 2026 — Contabilidade (NS);SUPABASE_ACADEMIC;Língua Portuguesa;Ortografia oficial;50
41;transpetro-2026-04-contabilidade-ns-;Transpetro 2026 — Contabilidade (NS);SUPABASE_ACADEMIC;Língua Portuguesa;Mecanismos de coesão textual;50
41;transpetro-2026-04-contabilidade-ns-;Transpetro 2026 — Contabilidade (NS);SUPABASE_ACADEMIC;Língua Portuguesa;Emprego das classes de palavras;50
41;transpetro-2026-04-contabilidade-ns-;Transpetro 2026 — Contabilidade (NS);SUPABASE_ACADEMIC;Língua Portuguesa;Concordância nominal e verbal;50
41;transpetro-2026-04-contabilidade-ns-;Transpetro 2026 — Contabilidade (NS);SUPABASE_ACADEMIC;Língua Portuguesa;Emprego do sinal indicativo de crase;50
41;transpetro-2026-04-contabilidade-ns-;Transpetro 2026 — Contabilidade (NS);SUPABASE_ACADEMIC;Língua Portuguesa;Sinais de pontuação;50
41;transpetro-2026-04-contabilidade-ns-;Transpetro 2026 — Contabilidade (NS);SUPABASE_ACADEMIC;Língua Portuguesa;Significação das palavras;50
41;transpetro-2026-04-contabilidade-ns-;Transpetro 2026 — Contabilidade (NS);SUPABASE_ACADEMIC;Língua Portuguesa;Concordância verbal e nominal;50
41;transpetro-2026-04-contabilidade-ns-;Transpetro 2026 — Contabilidade (NS);SUPABASE_ACADEMIC;Língua Portuguesa;Regência verbal e nominal;50
41;transpetro-2026-04-contabilidade-ns-;Transpetro 2026 — Contabilidade (NS);SUPABASE_ACADEMIC;Língua Portuguesa;Emprego do sinal indicativo de crase;50
41;transpetro-2026-04-contabilidade-ns-;Transpetro 2026 — Contabilidade (NS);SUPABASE_ACADEMIC;Língua Portuguesa;Colocação dos pronomes átonos;50
37;transpetro-2026-01-cozinheiro-cza-;Transpetro 2026 — Cozinheiro (CZA);SUPABASE_ACADEMIC;Conhecimentos Específicos;Conteúdo específico — Cozinheiro (CZA);50
37;transpetro-2026-01-cozinheiro-cza-;Transpetro 2026 — Cozinheiro (CZA);SUPABASE_ACADEMIC;Língua Portuguesa;Compreensão de textos de gêneros variados;50
37;transpetro-2026-01-cozinheiro-cza-;Transpetro 2026 — Cozinheiro (CZA);SUPABASE_ACADEMIC;Língua Portuguesa;Ortografia oficial;50
37;transpetro-2026-01-cozinheiro-cza-;Transpetro 2026 — Cozinheiro (CZA);SUPABASE_ACADEMIC;Língua Portuguesa;Mecanismos de coesão textual;50
37;transpetro-2026-01-cozinheiro-cza-;Transpetro 2026 — Cozinheiro (CZA);SUPABASE_ACADEMIC;Língua Portuguesa;Emprego das classes de palavras;50
37;transpetro-2026-01-cozinheiro-cza-;Transpetro 2026 — Cozinheiro (CZA);SUPABASE_ACADEMIC;Língua Portuguesa;Concordância nominal e verbal;50
37;transpetro-2026-01-cozinheiro-cza-;Transpetro 2026 — Cozinheiro (CZA);SUPABASE_ACADEMIC;Língua Portuguesa;Emprego do sinal indicativo de crase;51
37;transpetro-2026-01-cozinheiro-cza-;Transpetro 2026 — Cozinheiro (CZA);SUPABASE_ACADEMIC;Língua Portuguesa;Sinais de pontuação;50
37;transpetro-2026-01-cozinheiro-cza-;Transpetro 2026 — Cozinheiro (CZA);SUPABASE_ACADEMIC;Língua Portuguesa;Significação das palavras;50
21;transpetro-2026-03-dutos-e-terminais;Transpetro 2026 — Dutos e Terminais;SUPABASE_ACADEMIC;Conhecimentos Específicos;Conteúdo específico — Dutos e Terminais;50
21;transpetro-2026-03-dutos-e-terminais;Transpetro 2026 — Dutos e Terminais;SUPABASE_ACADEMIC;Língua Portuguesa;Compreensão de textos de gêneros variados;50
21;transpetro-2026-03-dutos-e-terminais;Transpetro 2026 — Dutos e Terminais;SUPABASE_ACADEMIC;Língua Portuguesa;Ortografia oficial;50
21;transpetro-2026-03-dutos-e-terminais;Transpetro 2026 — Dutos e Terminais;SUPABASE_ACADEMIC;Língua Portuguesa;Mecanismos de coesão textual;50
21;transpetro-2026-03-dutos-e-terminais;Transpetro 2026 — Dutos e Terminais;SUPABASE_ACADEMIC;Língua Portuguesa;Emprego das classes de palavras;50
21;transpetro-2026-03-dutos-e-terminais;Transpetro 2026 — Dutos e Terminais;SUPABASE_ACADEMIC;Língua Portuguesa;Concordância nominal e verbal;50
21;transpetro-2026-03-dutos-e-terminais;Transpetro 2026 — Dutos e Terminais;SUPABASE_ACADEMIC;Língua Portuguesa;Emprego do sinal indicativo de crase;50
21;transpetro-2026-03-dutos-e-terminais;Transpetro 2026 — Dutos e Terminais;SUPABASE_ACADEMIC;Língua Portuguesa;Sinais de pontuação;50
21;transpetro-2026-03-dutos-e-terminais;Transpetro 2026 — Dutos e Terminais;SUPABASE_ACADEMIC;Língua Portuguesa;Significação das palavras;50
21;transpetro-2026-03-dutos-e-terminais;Transpetro 2026 — Dutos e Terminais;SUPABASE_ACADEMIC;Matemática;Conjuntos numéricos;50
21;transpetro-2026-03-dutos-e-terminais;Transpetro 2026 — Dutos e Terminais;SUPABASE_ACADEMIC;Matemática;Razão e proporção, regra de três e porcentagem;65
21;transpetro-2026-03-dutos-e-terminais;Transpetro 2026 — Dutos e Terminais;SUPABASE_ACADEMIC;Matemática;Relações e funções;50
21;transpetro-2026-03-dutos-e-terminais;Transpetro 2026 — Dutos e Terminais;SUPABASE_ACADEMIC;Matemática;Equações e sistemas de equações lineares;50
21;transpetro-2026-03-dutos-e-terminais;Transpetro 2026 — Dutos e Terminais;SUPABASE_ACADEMIC;Matemática;Análise combinatória;50
21;transpetro-2026-03-dutos-e-terminais;Transpetro 2026 — Dutos e Terminais;SUPABASE_ACADEMIC;Matemática;Probabilidade básica;50
16;transpetro-2026-01-eletricista-elt-;Transpetro 2026 — Eletricista (ELT);SUPABASE_ACADEMIC;Conhecimentos Específicos;Conteúdo específico — Eletricista (ELT);50
16;transpetro-2026-01-eletricista-elt-;Transpetro 2026 — Eletricista (ELT);SUPABASE_ACADEMIC;Inglês Técnico Marítimo;Compreensão de texto escrito em língua inglesa;50
16;transpetro-2026-01-eletricista-elt-;Transpetro 2026 — Eletricista (ELT);SUPABASE_ACADEMIC;Inglês Técnico Marítimo;Itens gramaticais relevantes para a compreensão dos conteúdos semânticos;50
16;transpetro-2026-01-eletricista-elt-;Transpetro 2026 — Eletricista (ELT);SUPABASE_ACADEMIC;Inglês Técnico Marítimo;Inglês Técnico Marítimo;50
16;transpetro-2026-01-eletricista-elt-;Transpetro 2026 — Eletricista (ELT);SUPABASE_ACADEMIC;Língua Portuguesa;Compreensão de textos de gêneros variados;50
16;transpetro-2026-01-eletricista-elt-;Transpetro 2026 — Eletricista (ELT);SUPABASE_ACADEMIC;Língua Portuguesa;Ortografia oficial;50
16;transpetro-2026-01-eletricista-elt-;Transpetro 2026 — Eletricista (ELT);SUPABASE_ACADEMIC;Língua Portuguesa;Mecanismos de coesão textual;50
16;transpetro-2026-01-eletricista-elt-;Transpetro 2026 — Eletricista (ELT);SUPABASE_ACADEMIC;Língua Portuguesa;Emprego das classes de palavras;50
16;transpetro-2026-01-eletricista-elt-;Transpetro 2026 — Eletricista (ELT);SUPABASE_ACADEMIC;Língua Portuguesa;Concordância nominal e verbal;50
16;transpetro-2026-01-eletricista-elt-;Transpetro 2026 — Eletricista (ELT);SUPABASE_ACADEMIC;Língua Portuguesa;Emprego do sinal indicativo de crase;51
16;transpetro-2026-01-eletricista-elt-;Transpetro 2026 — Eletricista (ELT);SUPABASE_ACADEMIC;Língua Portuguesa;Sinais de pontuação;50
16;transpetro-2026-01-eletricista-elt-;Transpetro 2026 — Eletricista (ELT);SUPABASE_ACADEMIC;Língua Portuguesa;Significação das palavras;50
51;transpetro-2026-04-enfermagem-do-trabalho;Transpetro 2026 — Enfermagem do Trabalho;SUPABASE_ACADEMIC;Conhecimentos Específicos;Conteúdo específico — Enfermagem do Trabalho;50
51;transpetro-2026-04-enfermagem-do-trabalho;Transpetro 2026 — Enfermagem do Trabalho;SUPABASE_ACADEMIC;Língua Inglesa;Compreensão de texto escrito em língua inglesa;50
51;transpetro-2026-04-enfermagem-do-trabalho;Transpetro 2026 — Enfermagem do Trabalho;SUPABASE_ACADEMIC;Língua Inglesa;Itens gramaticais relevantes para a compreensão dos conteúdos semânticos;50
51;transpetro-2026-04-enfermagem-do-trabalho;Transpetro 2026 — Enfermagem do Trabalho;SUPABASE_ACADEMIC;Língua Portuguesa;Compreensão de textos de gêneros variados;50
51;transpetro-2026-04-enfermagem-do-trabalho;Transpetro 2026 — Enfermagem do Trabalho;SUPABASE_ACADEMIC;Língua Portuguesa;Ortografia oficial;50
51;transpetro-2026-04-enfermagem-do-trabalho;Transpetro 2026 — Enfermagem do Trabalho;SUPABASE_ACADEMIC;Língua Portuguesa;Mecanismos de coesão textual;50
51;transpetro-2026-04-enfermagem-do-trabalho;Transpetro 2026 — Enfermagem do Trabalho;SUPABASE_ACADEMIC;Língua Portuguesa;Emprego das classes de palavras;50
51;transpetro-2026-04-enfermagem-do-trabalho;Transpetro 2026 — Enfermagem do Trabalho;SUPABASE_ACADEMIC;Língua Portuguesa;Concordância nominal e verbal;50
51;transpetro-2026-04-enfermagem-do-trabalho;Transpetro 2026 — Enfermagem do Trabalho;SUPABASE_ACADEMIC;Língua Portuguesa;Emprego do sinal indicativo de crase;50
51;transpetro-2026-04-enfermagem-do-trabalho;Transpetro 2026 — Enfermagem do Trabalho;SUPABASE_ACADEMIC;Língua Portuguesa;Sinais de pontuação;50
51;transpetro-2026-04-enfermagem-do-trabalho;Transpetro 2026 — Enfermagem do Trabalho;SUPABASE_ACADEMIC;Língua Portuguesa;Significação das palavras;50
51;transpetro-2026-04-enfermagem-do-trabalho;Transpetro 2026 — Enfermagem do Trabalho;SUPABASE_ACADEMIC;Língua Portuguesa;Concordância verbal e nominal;50
51;transpetro-2026-04-enfermagem-do-trabalho;Transpetro 2026 — Enfermagem do Trabalho;SUPABASE_ACADEMIC;Língua Portuguesa;Regência verbal e nominal;50
51;transpetro-2026-04-enfermagem-do-trabalho;Transpetro 2026 — Enfermagem do Trabalho;SUPABASE_ACADEMIC;Língua Portuguesa;Emprego do sinal indicativo de crase;50
51;transpetro-2026-04-enfermagem-do-trabalho;Transpetro 2026 — Enfermagem do Trabalho;SUPABASE_ACADEMIC;Língua Portuguesa;Colocação dos pronomes átonos;50
24;transpetro-2026-03-enfermagem-do-trabalho-nm-;Transpetro 2026 — Enfermagem do Trabalho (NM);SUPABASE_ACADEMIC;Conhecimentos Específicos;Conteúdo específico — Enfermagem do Trabalho (NM);50
24;transpetro-2026-03-enfermagem-do-trabalho-nm-;Transpetro 2026 — Enfermagem do Trabalho (NM);SUPABASE_ACADEMIC;Língua Portuguesa;Compreensão de textos de gêneros variados;50
24;transpetro-2026-03-enfermagem-do-trabalho-nm-;Transpetro 2026 — Enfermagem do Trabalho (NM);SUPABASE_ACADEMIC;Língua Portuguesa;Ortografia oficial;50
24;transpetro-2026-03-enfermagem-do-trabalho-nm-;Transpetro 2026 — Enfermagem do Trabalho (NM);SUPABASE_ACADEMIC;Língua Portuguesa;Mecanismos de coesão textual;50
24;transpetro-2026-03-enfermagem-do-trabalho-nm-;Transpetro 2026 — Enfermagem do Trabalho (NM);SUPABASE_ACADEMIC;Língua Portuguesa;Emprego das classes de palavras;50
24;transpetro-2026-03-enfermagem-do-trabalho-nm-;Transpetro 2026 — Enfermagem do Trabalho (NM);SUPABASE_ACADEMIC;Língua Portuguesa;Concordância nominal e verbal;50
24;transpetro-2026-03-enfermagem-do-trabalho-nm-;Transpetro 2026 — Enfermagem do Trabalho (NM);SUPABASE_ACADEMIC;Língua Portuguesa;Emprego do sinal indicativo de crase;50
24;transpetro-2026-03-enfermagem-do-trabalho-nm-;Transpetro 2026 — Enfermagem do Trabalho (NM);SUPABASE_ACADEMIC;Língua Portuguesa;Sinais de pontuação;50
24;transpetro-2026-03-enfermagem-do-trabalho-nm-;Transpetro 2026 — Enfermagem do Trabalho (NM);SUPABASE_ACADEMIC;Língua Portuguesa;Significação das palavras;50
24;transpetro-2026-03-enfermagem-do-trabalho-nm-;Transpetro 2026 — Enfermagem do Trabalho (NM);SUPABASE_ACADEMIC;Matemática;Conjuntos numéricos;50
24;transpetro-2026-03-enfermagem-do-trabalho-nm-;Transpetro 2026 — Enfermagem do Trabalho (NM);SUPABASE_ACADEMIC;Matemática;Razão e proporção, regra de três e porcentagem;65
24;transpetro-2026-03-enfermagem-do-trabalho-nm-;Transpetro 2026 — Enfermagem do Trabalho (NM);SUPABASE_ACADEMIC;Matemática;Relações e funções;50
24;transpetro-2026-03-enfermagem-do-trabalho-nm-;Transpetro 2026 — Enfermagem do Trabalho (NM);SUPABASE_ACADEMIC;Matemática;Equações e sistemas de equações lineares;50
24;transpetro-2026-03-enfermagem-do-trabalho-nm-;Transpetro 2026 — Enfermagem do Trabalho (NM);SUPABASE_ACADEMIC;Matemática;Análise combinatória;50
24;transpetro-2026-03-enfermagem-do-trabalho-nm-;Transpetro 2026 — Enfermagem do Trabalho (NM);SUPABASE_ACADEMIC;Matemática;Probabilidade básica;50
40;transpetro-2026-04-engenharia-ambiental;Transpetro 2026 — Engenharia Ambiental;SUPABASE_ACADEMIC;Conhecimentos Específicos;Conteúdo específico — Engenharia Ambiental;50
40;transpetro-2026-04-engenharia-ambiental;Transpetro 2026 — Engenharia Ambiental;SUPABASE_ACADEMIC;Língua Inglesa;Compreensão de texto escrito em língua inglesa;50
40;transpetro-2026-04-engenharia-ambiental;Transpetro 2026 — Engenharia Ambiental;SUPABASE_ACADEMIC;Língua Inglesa;Itens gramaticais relevantes para a compreensão dos conteúdos semânticos;50
40;transpetro-2026-04-engenharia-ambiental;Transpetro 2026 — Engenharia Ambiental;SUPABASE_ACADEMIC;Língua Portuguesa;Compreensão de textos de gêneros variados;50
40;transpetro-2026-04-engenharia-ambiental;Transpetro 2026 — Engenharia Ambiental;SUPABASE_ACADEMIC;Língua Portuguesa;Ortografia oficial;50
40;transpetro-2026-04-engenharia-ambiental;Transpetro 2026 — Engenharia Ambiental;SUPABASE_ACADEMIC;Língua Portuguesa;Mecanismos de coesão textual;50
40;transpetro-2026-04-engenharia-ambiental;Transpetro 2026 — Engenharia Ambiental;SUPABASE_ACADEMIC;Língua Portuguesa;Emprego das classes de palavras;50
40;transpetro-2026-04-engenharia-ambiental;Transpetro 2026 — Engenharia Ambiental;SUPABASE_ACADEMIC;Língua Portuguesa;Concordância nominal e verbal;50
40;transpetro-2026-04-engenharia-ambiental;Transpetro 2026 — Engenharia Ambiental;SUPABASE_ACADEMIC;Língua Portuguesa;Emprego do sinal indicativo de crase;50
40;transpetro-2026-04-engenharia-ambiental;Transpetro 2026 — Engenharia Ambiental;SUPABASE_ACADEMIC;Língua Portuguesa;Sinais de pontuação;50
40;transpetro-2026-04-engenharia-ambiental;Transpetro 2026 — Engenharia Ambiental;SUPABASE_ACADEMIC;Língua Portuguesa;Significação das palavras;50
40;transpetro-2026-04-engenharia-ambiental;Transpetro 2026 — Engenharia Ambiental;SUPABASE_ACADEMIC;Língua Portuguesa;Concordância verbal e nominal;50
40;transpetro-2026-04-engenharia-ambiental;Transpetro 2026 — Engenharia Ambiental;SUPABASE_ACADEMIC;Língua Portuguesa;Regência verbal e nominal;50
40;transpetro-2026-04-engenharia-ambiental;Transpetro 2026 — Engenharia Ambiental;SUPABASE_ACADEMIC;Língua Portuguesa;Emprego do sinal indicativo de crase;50
40;transpetro-2026-04-engenharia-ambiental;Transpetro 2026 — Engenharia Ambiental;SUPABASE_ACADEMIC;Língua Portuguesa;Colocação dos pronomes átonos;50
46;transpetro-2026-04-engenharia-civil;Transpetro 2026 — Engenharia Civil;SUPABASE_ACADEMIC;Conhecimentos Específicos;Conteúdo específico — Engenharia Civil;50
46;transpetro-2026-04-engenharia-civil;Transpetro 2026 — Engenharia Civil;SUPABASE_ACADEMIC;Língua Inglesa;Compreensão de texto escrito em língua inglesa;50
46;transpetro-2026-04-engenharia-civil;Transpetro 2026 — Engenharia Civil;SUPABASE_ACADEMIC;Língua Inglesa;Itens gramaticais relevantes para a compreensão dos conteúdos semânticos;50
46;transpetro-2026-04-engenharia-civil;Transpetro 2026 — Engenharia Civil;SUPABASE_ACADEMIC;Língua Portuguesa;Compreensão de textos de gêneros variados;50
46;transpetro-2026-04-engenharia-civil;Transpetro 2026 — Engenharia Civil;SUPABASE_ACADEMIC;Língua Portuguesa;Ortografia oficial;50
46;transpetro-2026-04-engenharia-civil;Transpetro 2026 — Engenharia Civil;SUPABASE_ACADEMIC;Língua Portuguesa;Mecanismos de coesão textual;50
46;transpetro-2026-04-engenharia-civil;Transpetro 2026 — Engenharia Civil;SUPABASE_ACADEMIC;Língua Portuguesa;Emprego das classes de palavras;50
46;transpetro-2026-04-engenharia-civil;Transpetro 2026 — Engenharia Civil;SUPABASE_ACADEMIC;Língua Portuguesa;Concordância nominal e verbal;50
46;transpetro-2026-04-engenharia-civil;Transpetro 2026 — Engenharia Civil;SUPABASE_ACADEMIC;Língua Portuguesa;Emprego do sinal indicativo de crase;50
46;transpetro-2026-04-engenharia-civil;Transpetro 2026 — Engenharia Civil;SUPABASE_ACADEMIC;Língua Portuguesa;Sinais de pontuação;50
46;transpetro-2026-04-engenharia-civil;Transpetro 2026 — Engenharia Civil;SUPABASE_ACADEMIC;Língua Portuguesa;Significação das palavras;50
46;transpetro-2026-04-engenharia-civil;Transpetro 2026 — Engenharia Civil;SUPABASE_ACADEMIC;Língua Portuguesa;Concordância verbal e nominal;50
46;transpetro-2026-04-engenharia-civil;Transpetro 2026 — Engenharia Civil;SUPABASE_ACADEMIC;Língua Portuguesa;Regência verbal e nominal;50
46;transpetro-2026-04-engenharia-civil;Transpetro 2026 — Engenharia Civil;SUPABASE_ACADEMIC;Língua Portuguesa;Emprego do sinal indicativo de crase;50
46;transpetro-2026-04-engenharia-civil;Transpetro 2026 — Engenharia Civil;SUPABASE_ACADEMIC;Língua Portuguesa;Colocação dos pronomes átonos;50
70;transpetro-2026-04-engenharia-de-automa-o;Transpetro 2026 — Engenharia de Automação;SUPABASE_ACADEMIC;Conhecimentos Específicos;Conteúdo específico — Engenharia de Automação;50
70;transpetro-2026-04-engenharia-de-automa-o;Transpetro 2026 — Engenharia de Automação;SUPABASE_ACADEMIC;Língua Inglesa;Compreensão de texto escrito em língua inglesa;50
70;transpetro-2026-04-engenharia-de-automa-o;Transpetro 2026 — Engenharia de Automação;SUPABASE_ACADEMIC;Língua Inglesa;Itens gramaticais relevantes para a compreensão dos conteúdos semânticos;50
70;transpetro-2026-04-engenharia-de-automa-o;Transpetro 2026 — Engenharia de Automação;SUPABASE_ACADEMIC;Língua Portuguesa;Compreensão de textos de gêneros variados;50
70;transpetro-2026-04-engenharia-de-automa-o;Transpetro 2026 — Engenharia de Automação;SUPABASE_ACADEMIC;Língua Portuguesa;Ortografia oficial;50
70;transpetro-2026-04-engenharia-de-automa-o;Transpetro 2026 — Engenharia de Automação;SUPABASE_ACADEMIC;Língua Portuguesa;Mecanismos de coesão textual;50
70;transpetro-2026-04-engenharia-de-automa-o;Transpetro 2026 — Engenharia de Automação;SUPABASE_ACADEMIC;Língua Portuguesa;Emprego das classes de palavras;50
70;transpetro-2026-04-engenharia-de-automa-o;Transpetro 2026 — Engenharia de Automação;SUPABASE_ACADEMIC;Língua Portuguesa;Concordância nominal e verbal;50
70;transpetro-2026-04-engenharia-de-automa-o;Transpetro 2026 — Engenharia de Automação;SUPABASE_ACADEMIC;Língua Portuguesa;Emprego do sinal indicativo de crase;50
70;transpetro-2026-04-engenharia-de-automa-o;Transpetro 2026 — Engenharia de Automação;SUPABASE_ACADEMIC;Língua Portuguesa;Sinais de pontuação;50
70;transpetro-2026-04-engenharia-de-automa-o;Transpetro 2026 — Engenharia de Automação;SUPABASE_ACADEMIC;Língua Portuguesa;Significação das palavras;50
70;transpetro-2026-04-engenharia-de-automa-o;Transpetro 2026 — Engenharia de Automação;SUPABASE_ACADEMIC;Língua Portuguesa;Concordância verbal e nominal;50
70;transpetro-2026-04-engenharia-de-automa-o;Transpetro 2026 — Engenharia de Automação;SUPABASE_ACADEMIC;Língua Portuguesa;Regência verbal e nominal;50
70;transpetro-2026-04-engenharia-de-automa-o;Transpetro 2026 — Engenharia de Automação;SUPABASE_ACADEMIC;Língua Portuguesa;Emprego do sinal indicativo de crase;50
70;transpetro-2026-04-engenharia-de-automa-o;Transpetro 2026 — Engenharia de Automação;SUPABASE_ACADEMIC;Língua Portuguesa;Colocação dos pronomes átonos;50
57;transpetro-2026-04-engenharia-de-inspe-o;Transpetro 2026 — Engenharia de Inspeção;SUPABASE_ACADEMIC;Conhecimentos Específicos;Conteúdo específico — Engenharia de Inspeção;50
57;transpetro-2026-04-engenharia-de-inspe-o;Transpetro 2026 — Engenharia de Inspeção;SUPABASE_ACADEMIC;Língua Inglesa;Compreensão de texto escrito em língua inglesa;50
57;transpetro-2026-04-engenharia-de-inspe-o;Transpetro 2026 — Engenharia de Inspeção;SUPABASE_ACADEMIC;Língua Inglesa;Itens gramaticais relevantes para a compreensão dos conteúdos semânticos;50
57;transpetro-2026-04-engenharia-de-inspe-o;Transpetro 2026 — Engenharia de Inspeção;SUPABASE_ACADEMIC;Língua Portuguesa;Compreensão de textos de gêneros variados;50
57;transpetro-2026-04-engenharia-de-inspe-o;Transpetro 2026 — Engenharia de Inspeção;SUPABASE_ACADEMIC;Língua Portuguesa;Ortografia oficial;50
57;transpetro-2026-04-engenharia-de-inspe-o;Transpetro 2026 — Engenharia de Inspeção;SUPABASE_ACADEMIC;Língua Portuguesa;Mecanismos de coesão textual;50
57;transpetro-2026-04-engenharia-de-inspe-o;Transpetro 2026 — Engenharia de Inspeção;SUPABASE_ACADEMIC;Língua Portuguesa;Emprego das classes de palavras;50
57;transpetro-2026-04-engenharia-de-inspe-o;Transpetro 2026 — Engenharia de Inspeção;SUPABASE_ACADEMIC;Língua Portuguesa;Concordância nominal e verbal;50
57;transpetro-2026-04-engenharia-de-inspe-o;Transpetro 2026 — Engenharia de Inspeção;SUPABASE_ACADEMIC;Língua Portuguesa;Emprego do sinal indicativo de crase;50
57;transpetro-2026-04-engenharia-de-inspe-o;Transpetro 2026 — Engenharia de Inspeção;SUPABASE_ACADEMIC;Língua Portuguesa;Sinais de pontuação;50
57;transpetro-2026-04-engenharia-de-inspe-o;Transpetro 2026 — Engenharia de Inspeção;SUPABASE_ACADEMIC;Língua Portuguesa;Significação das palavras;50
57;transpetro-2026-04-engenharia-de-inspe-o;Transpetro 2026 — Engenharia de Inspeção;SUPABASE_ACADEMIC;Língua Portuguesa;Concordância verbal e nominal;50
57;transpetro-2026-04-engenharia-de-inspe-o;Transpetro 2026 — Engenharia de Inspeção;SUPABASE_ACADEMIC;Língua Portuguesa;Regência verbal e nominal;50
57;transpetro-2026-04-engenharia-de-inspe-o;Transpetro 2026 — Engenharia de Inspeção;SUPABASE_ACADEMIC;Língua Portuguesa;Emprego do sinal indicativo de crase;50
57;transpetro-2026-04-engenharia-de-inspe-o;Transpetro 2026 — Engenharia de Inspeção;SUPABASE_ACADEMIC;Língua Portuguesa;Colocação dos pronomes átonos;50
43;transpetro-2026-04-engenharia-de-produ-o;Transpetro 2026 — Engenharia de Produção;SUPABASE_ACADEMIC;Conhecimentos Específicos;Conteúdo específico — Engenharia de Produção;50
43;transpetro-2026-04-engenharia-de-produ-o;Transpetro 2026 — Engenharia de Produção;SUPABASE_ACADEMIC;Gestão de Projetos;Gestão de Projetos;50
43;transpetro-2026-04-engenharia-de-produ-o;Transpetro 2026 — Engenharia de Produção;SUPABASE_ACADEMIC;Língua Inglesa;Compreensão de texto escrito em língua inglesa;50
43;transpetro-2026-04-engenharia-de-produ-o;Transpetro 2026 — Engenharia de Produção;SUPABASE_ACADEMIC;Língua Inglesa;Itens gramaticais relevantes para a compreensão dos conteúdos semânticos;50
43;transpetro-2026-04-engenharia-de-produ-o;Transpetro 2026 — Engenharia de Produção;SUPABASE_ACADEMIC;Língua Portuguesa;Compreensão de textos de gêneros variados;50
43;transpetro-2026-04-engenharia-de-produ-o;Transpetro 2026 — Engenharia de Produção;SUPABASE_ACADEMIC;Língua Portuguesa;Ortografia oficial;50
43;transpetro-2026-04-engenharia-de-produ-o;Transpetro 2026 — Engenharia de Produção;SUPABASE_ACADEMIC;Língua Portuguesa;Mecanismos de coesão textual;50
43;transpetro-2026-04-engenharia-de-produ-o;Transpetro 2026 — Engenharia de Produção;SUPABASE_ACADEMIC;Língua Portuguesa;Emprego das classes de palavras;50
43;transpetro-2026-04-engenharia-de-produ-o;Transpetro 2026 — Engenharia de Produção;SUPABASE_ACADEMIC;Língua Portuguesa;Concordância nominal e verbal;50
43;transpetro-2026-04-engenharia-de-produ-o;Transpetro 2026 — Engenharia de Produção;SUPABASE_ACADEMIC;Língua Portuguesa;Emprego do sinal indicativo de crase;50
43;transpetro-2026-04-engenharia-de-produ-o;Transpetro 2026 — Engenharia de Produção;SUPABASE_ACADEMIC;Língua Portuguesa;Sinais de pontuação;50
43;transpetro-2026-04-engenharia-de-produ-o;Transpetro 2026 — Engenharia de Produção;SUPABASE_ACADEMIC;Língua Portuguesa;Significação das palavras;50
43;transpetro-2026-04-engenharia-de-produ-o;Transpetro 2026 — Engenharia de Produção;SUPABASE_ACADEMIC;Língua Portuguesa;Concordância verbal e nominal;50
43;transpetro-2026-04-engenharia-de-produ-o;Transpetro 2026 — Engenharia de Produção;SUPABASE_ACADEMIC;Língua Portuguesa;Regência verbal e nominal;50
43;transpetro-2026-04-engenharia-de-produ-o;Transpetro 2026 — Engenharia de Produção;SUPABASE_ACADEMIC;Língua Portuguesa;Emprego do sinal indicativo de crase;50
43;transpetro-2026-04-engenharia-de-produ-o;Transpetro 2026 — Engenharia de Produção;SUPABASE_ACADEMIC;Língua Portuguesa;Colocação dos pronomes átonos;50
65;transpetro-2026-04-engenharia-de-seguran-a-de-processo;Transpetro 2026 — Engenharia de Segurança de Processo;SUPABASE_ACADEMIC;Conhecimentos Específicos;Conteúdo específico — Engenharia de Segurança de Processo;50
65;transpetro-2026-04-engenharia-de-seguran-a-de-processo;Transpetro 2026 — Engenharia de Segurança de Processo;SUPABASE_ACADEMIC;Língua Inglesa;Compreensão de texto escrito em língua inglesa;50
65;transpetro-2026-04-engenharia-de-seguran-a-de-processo;Transpetro 2026 — Engenharia de Segurança de Processo;SUPABASE_ACADEMIC;Língua Inglesa;Itens gramaticais relevantes para a compreensão dos conteúdos semânticos;50
65;transpetro-2026-04-engenharia-de-seguran-a-de-processo;Transpetro 2026 — Engenharia de Segurança de Processo;SUPABASE_ACADEMIC;Língua Portuguesa;Compreensão de textos de gêneros variados;50
65;transpetro-2026-04-engenharia-de-seguran-a-de-processo;Transpetro 2026 — Engenharia de Segurança de Processo;SUPABASE_ACADEMIC;Língua Portuguesa;Ortografia oficial;50
65;transpetro-2026-04-engenharia-de-seguran-a-de-processo;Transpetro 2026 — Engenharia de Segurança de Processo;SUPABASE_ACADEMIC;Língua Portuguesa;Mecanismos de coesão textual;50
65;transpetro-2026-04-engenharia-de-seguran-a-de-processo;Transpetro 2026 — Engenharia de Segurança de Processo;SUPABASE_ACADEMIC;Língua Portuguesa;Emprego das classes de palavras;50
65;transpetro-2026-04-engenharia-de-seguran-a-de-processo;Transpetro 2026 — Engenharia de Segurança de Processo;SUPABASE_ACADEMIC;Língua Portuguesa;Concordância nominal e verbal;50
65;transpetro-2026-04-engenharia-de-seguran-a-de-processo;Transpetro 2026 — Engenharia de Segurança de Processo;SUPABASE_ACADEMIC;Língua Portuguesa;Emprego do sinal indicativo de crase;50
65;transpetro-2026-04-engenharia-de-seguran-a-de-processo;Transpetro 2026 — Engenharia de Segurança de Processo;SUPABASE_ACADEMIC;Língua Portuguesa;Sinais de pontuação;50
65;transpetro-2026-04-engenharia-de-seguran-a-de-processo;Transpetro 2026 — Engenharia de Segurança de Processo;SUPABASE_ACADEMIC;Língua Portuguesa;Significação das palavras;50
65;transpetro-2026-04-engenharia-de-seguran-a-de-processo;Transpetro 2026 — Engenharia de Segurança de Processo;SUPABASE_ACADEMIC;Língua Portuguesa;Concordância verbal e nominal;50
65;transpetro-2026-04-engenharia-de-seguran-a-de-processo;Transpetro 2026 — Engenharia de Segurança de Processo;SUPABASE_ACADEMIC;Língua Portuguesa;Regência verbal e nominal;50
65;transpetro-2026-04-engenharia-de-seguran-a-de-processo;Transpetro 2026 — Engenharia de Segurança de Processo;SUPABASE_ACADEMIC;Língua Portuguesa;Emprego do sinal indicativo de crase;50
65;transpetro-2026-04-engenharia-de-seguran-a-de-processo;Transpetro 2026 — Engenharia de Segurança de Processo;SUPABASE_ACADEMIC;Língua Portuguesa;Colocação dos pronomes átonos;50
64;transpetro-2026-04-engenharia-de-seguran-a-do-trabalho;Transpetro 2026 — Engenharia de Segurança do Trabalho;SUPABASE_ACADEMIC;Conhecimentos Específicos;Conteúdo específico — Engenharia de Segurança do Trabalho;50
64;transpetro-2026-04-engenharia-de-seguran-a-do-trabalho;Transpetro 2026 — Engenharia de Segurança do Trabalho;SUPABASE_ACADEMIC;Língua Inglesa;Compreensão de texto escrito em língua inglesa;50
64;transpetro-2026-04-engenharia-de-seguran-a-do-trabalho;Transpetro 2026 — Engenharia de Segurança do Trabalho;SUPABASE_ACADEMIC;Língua Inglesa;Itens gramaticais relevantes para a compreensão dos conteúdos semânticos;50
64;transpetro-2026-04-engenharia-de-seguran-a-do-trabalho;Transpetro 2026 — Engenharia de Segurança do Trabalho;SUPABASE_ACADEMIC;Língua Portuguesa;Compreensão de textos de gêneros variados;50
64;transpetro-2026-04-engenharia-de-seguran-a-do-trabalho;Transpetro 2026 — Engenharia de Segurança do Trabalho;SUPABASE_ACADEMIC;Língua Portuguesa;Ortografia oficial;50
64;transpetro-2026-04-engenharia-de-seguran-a-do-trabalho;Transpetro 2026 — Engenharia de Segurança do Trabalho;SUPABASE_ACADEMIC;Língua Portuguesa;Mecanismos de coesão textual;50
64;transpetro-2026-04-engenharia-de-seguran-a-do-trabalho;Transpetro 2026 — Engenharia de Segurança do Trabalho;SUPABASE_ACADEMIC;Língua Portuguesa;Emprego das classes de palavras;50
64;transpetro-2026-04-engenharia-de-seguran-a-do-trabalho;Transpetro 2026 — Engenharia de Segurança do Trabalho;SUPABASE_ACADEMIC;Língua Portuguesa;Concordância nominal e verbal;50
64;transpetro-2026-04-engenharia-de-seguran-a-do-trabalho;Transpetro 2026 — Engenharia de Segurança do Trabalho;SUPABASE_ACADEMIC;Língua Portuguesa;Emprego do sinal indicativo de crase;50
64;transpetro-2026-04-engenharia-de-seguran-a-do-trabalho;Transpetro 2026 — Engenharia de Segurança do Trabalho;SUPABASE_ACADEMIC;Língua Portuguesa;Sinais de pontuação;50
64;transpetro-2026-04-engenharia-de-seguran-a-do-trabalho;Transpetro 2026 — Engenharia de Segurança do Trabalho;SUPABASE_ACADEMIC;Língua Portuguesa;Significação das palavras;50
64;transpetro-2026-04-engenharia-de-seguran-a-do-trabalho;Transpetro 2026 — Engenharia de Segurança do Trabalho;SUPABASE_ACADEMIC;Língua Portuguesa;Concordância verbal e nominal;50
64;transpetro-2026-04-engenharia-de-seguran-a-do-trabalho;Transpetro 2026 — Engenharia de Segurança do Trabalho;SUPABASE_ACADEMIC;Língua Portuguesa;Regência verbal e nominal;50
64;transpetro-2026-04-engenharia-de-seguran-a-do-trabalho;Transpetro 2026 — Engenharia de Segurança do Trabalho;SUPABASE_ACADEMIC;Língua Portuguesa;Emprego do sinal indicativo de crase;50
64;transpetro-2026-04-engenharia-de-seguran-a-do-trabalho;Transpetro 2026 — Engenharia de Segurança do Trabalho;SUPABASE_ACADEMIC;Língua Portuguesa;Colocação dos pronomes átonos;50
47;transpetro-2026-04-engenharia-de-telecomunica-es;Transpetro 2026 — Engenharia de Telecomunicações;SUPABASE_ACADEMIC;Conhecimentos Específicos;Conteúdo específico — Engenharia de Telecomunicações;50
47;transpetro-2026-04-engenharia-de-telecomunica-es;Transpetro 2026 — Engenharia de Telecomunicações;SUPABASE_ACADEMIC;Língua Inglesa;Compreensão de texto escrito em língua inglesa;50
47;transpetro-2026-04-engenharia-de-telecomunica-es;Transpetro 2026 — Engenharia de Telecomunicações;SUPABASE_ACADEMIC;Língua Inglesa;Itens gramaticais relevantes para a compreensão dos conteúdos semânticos;50
47;transpetro-2026-04-engenharia-de-telecomunica-es;Transpetro 2026 — Engenharia de Telecomunicações;SUPABASE_ACADEMIC;Língua Portuguesa;Compreensão de textos de gêneros variados;50
47;transpetro-2026-04-engenharia-de-telecomunica-es;Transpetro 2026 — Engenharia de Telecomunicações;SUPABASE_ACADEMIC;Língua Portuguesa;Ortografia oficial;50
47;transpetro-2026-04-engenharia-de-telecomunica-es;Transpetro 2026 — Engenharia de Telecomunicações;SUPABASE_ACADEMIC;Língua Portuguesa;Mecanismos de coesão textual;50
47;transpetro-2026-04-engenharia-de-telecomunica-es;Transpetro 2026 — Engenharia de Telecomunicações;SUPABASE_ACADEMIC;Língua Portuguesa;Emprego das classes de palavras;50
47;transpetro-2026-04-engenharia-de-telecomunica-es;Transpetro 2026 — Engenharia de Telecomunicações;SUPABASE_ACADEMIC;Língua Portuguesa;Concordância nominal e verbal;50
47;transpetro-2026-04-engenharia-de-telecomunica-es;Transpetro 2026 — Engenharia de Telecomunicações;SUPABASE_ACADEMIC;Língua Portuguesa;Emprego do sinal indicativo de crase;50
47;transpetro-2026-04-engenharia-de-telecomunica-es;Transpetro 2026 — Engenharia de Telecomunicações;SUPABASE_ACADEMIC;Língua Portuguesa;Sinais de pontuação;50
47;transpetro-2026-04-engenharia-de-telecomunica-es;Transpetro 2026 — Engenharia de Telecomunicações;SUPABASE_ACADEMIC;Língua Portuguesa;Significação das palavras;50
47;transpetro-2026-04-engenharia-de-telecomunica-es;Transpetro 2026 — Engenharia de Telecomunicações;SUPABASE_ACADEMIC;Língua Portuguesa;Concordância verbal e nominal;50
47;transpetro-2026-04-engenharia-de-telecomunica-es;Transpetro 2026 — Engenharia de Telecomunicações;SUPABASE_ACADEMIC;Língua Portuguesa;Regência verbal e nominal;50
47;transpetro-2026-04-engenharia-de-telecomunica-es;Transpetro 2026 — Engenharia de Telecomunicações;SUPABASE_ACADEMIC;Língua Portuguesa;Emprego do sinal indicativo de crase;50
47;transpetro-2026-04-engenharia-de-telecomunica-es;Transpetro 2026 — Engenharia de Telecomunicações;SUPABASE_ACADEMIC;Língua Portuguesa;Colocação dos pronomes átonos;50
60;transpetro-2026-04-engenharia-el-trica;Transpetro 2026 — Engenharia Elétrica;SUPABASE_ACADEMIC;Conhecimentos Específicos;Conteúdo específico — Engenharia Elétrica;50
60;transpetro-2026-04-engenharia-el-trica;Transpetro 2026 — Engenharia Elétrica;SUPABASE_ACADEMIC;Língua Inglesa;Compreensão de texto escrito em língua inglesa;50
60;transpetro-2026-04-engenharia-el-trica;Transpetro 2026 — Engenharia Elétrica;SUPABASE_ACADEMIC;Língua Inglesa;Itens gramaticais relevantes para a compreensão dos conteúdos semânticos;50
60;transpetro-2026-04-engenharia-el-trica;Transpetro 2026 — Engenharia Elétrica;SUPABASE_ACADEMIC;Língua Portuguesa;Compreensão de textos de gêneros variados;50
60;transpetro-2026-04-engenharia-el-trica;Transpetro 2026 — Engenharia Elétrica;SUPABASE_ACADEMIC;Língua Portuguesa;Ortografia oficial;50
60;transpetro-2026-04-engenharia-el-trica;Transpetro 2026 — Engenharia Elétrica;SUPABASE_ACADEMIC;Língua Portuguesa;Mecanismos de coesão textual;50
60;transpetro-2026-04-engenharia-el-trica;Transpetro 2026 — Engenharia Elétrica;SUPABASE_ACADEMIC;Língua Portuguesa;Emprego das classes de palavras;50
60;transpetro-2026-04-engenharia-el-trica;Transpetro 2026 — Engenharia Elétrica;SUPABASE_ACADEMIC;Língua Portuguesa;Concordância nominal e verbal;50
60;transpetro-2026-04-engenharia-el-trica;Transpetro 2026 — Engenharia Elétrica;SUPABASE_ACADEMIC;Língua Portuguesa;Emprego do sinal indicativo de crase;50
60;transpetro-2026-04-engenharia-el-trica;Transpetro 2026 — Engenharia Elétrica;SUPABASE_ACADEMIC;Língua Portuguesa;Sinais de pontuação;50
60;transpetro-2026-04-engenharia-el-trica;Transpetro 2026 — Engenharia Elétrica;SUPABASE_ACADEMIC;Língua Portuguesa;Significação das palavras;50
60;transpetro-2026-04-engenharia-el-trica;Transpetro 2026 — Engenharia Elétrica;SUPABASE_ACADEMIC;Língua Portuguesa;Concordância verbal e nominal;50
60;transpetro-2026-04-engenharia-el-trica;Transpetro 2026 — Engenharia Elétrica;SUPABASE_ACADEMIC;Língua Portuguesa;Regência verbal e nominal;50
60;transpetro-2026-04-engenharia-el-trica;Transpetro 2026 — Engenharia Elétrica;SUPABASE_ACADEMIC;Língua Portuguesa;Emprego do sinal indicativo de crase;50
60;transpetro-2026-04-engenharia-el-trica;Transpetro 2026 — Engenharia Elétrica;SUPABASE_ACADEMIC;Língua Portuguesa;Colocação dos pronomes átonos;50
63;transpetro-2026-04-engenharia-geot-cnica;Transpetro 2026 — Engenharia Geotécnica;SUPABASE_ACADEMIC;Conhecimentos Específicos;Conteúdo específico — Engenharia Geotécnica;50
63;transpetro-2026-04-engenharia-geot-cnica;Transpetro 2026 — Engenharia Geotécnica;SUPABASE_ACADEMIC;Língua Inglesa;Compreensão de texto escrito em língua inglesa;50
63;transpetro-2026-04-engenharia-geot-cnica;Transpetro 2026 — Engenharia Geotécnica;SUPABASE_ACADEMIC;Língua Inglesa;Itens gramaticais relevantes para a compreensão dos conteúdos semânticos;50
63;transpetro-2026-04-engenharia-geot-cnica;Transpetro 2026 — Engenharia Geotécnica;SUPABASE_ACADEMIC;Língua Portuguesa;Compreensão de textos de gêneros variados;50
63;transpetro-2026-04-engenharia-geot-cnica;Transpetro 2026 — Engenharia Geotécnica;SUPABASE_ACADEMIC;Língua Portuguesa;Ortografia oficial;50
63;transpetro-2026-04-engenharia-geot-cnica;Transpetro 2026 — Engenharia Geotécnica;SUPABASE_ACADEMIC;Língua Portuguesa;Mecanismos de coesão textual;50
63;transpetro-2026-04-engenharia-geot-cnica;Transpetro 2026 — Engenharia Geotécnica;SUPABASE_ACADEMIC;Língua Portuguesa;Emprego das classes de palavras;50
63;transpetro-2026-04-engenharia-geot-cnica;Transpetro 2026 — Engenharia Geotécnica;SUPABASE_ACADEMIC;Língua Portuguesa;Concordância nominal e verbal;50
63;transpetro-2026-04-engenharia-geot-cnica;Transpetro 2026 — Engenharia Geotécnica;SUPABASE_ACADEMIC;Língua Portuguesa;Emprego do sinal indicativo de crase;50
63;transpetro-2026-04-engenharia-geot-cnica;Transpetro 2026 — Engenharia Geotécnica;SUPABASE_ACADEMIC;Língua Portuguesa;Sinais de pontuação;50
63;transpetro-2026-04-engenharia-geot-cnica;Transpetro 2026 — Engenharia Geotécnica;SUPABASE_ACADEMIC;Língua Portuguesa;Significação das palavras;50
63;transpetro-2026-04-engenharia-geot-cnica;Transpetro 2026 — Engenharia Geotécnica;SUPABASE_ACADEMIC;Língua Portuguesa;Concordância verbal e nominal;50
63;transpetro-2026-04-engenharia-geot-cnica;Transpetro 2026 — Engenharia Geotécnica;SUPABASE_ACADEMIC;Língua Portuguesa;Regência verbal e nominal;50
63;transpetro-2026-04-engenharia-geot-cnica;Transpetro 2026 — Engenharia Geotécnica;SUPABASE_ACADEMIC;Língua Portuguesa;Emprego do sinal indicativo de crase;50
63;transpetro-2026-04-engenharia-geot-cnica;Transpetro 2026 — Engenharia Geotécnica;SUPABASE_ACADEMIC;Língua Portuguesa;Colocação dos pronomes átonos;50
42;transpetro-2026-04-engenharia-mec-nica;Transpetro 2026 — Engenharia Mecânica;SUPABASE_ACADEMIC;Conhecimentos Específicos;Conteúdo específico — Engenharia Mecânica;50
42;transpetro-2026-04-engenharia-mec-nica;Transpetro 2026 — Engenharia Mecânica;SUPABASE_ACADEMIC;Língua Inglesa;Compreensão de texto escrito em língua inglesa;50
42;transpetro-2026-04-engenharia-mec-nica;Transpetro 2026 — Engenharia Mecânica;SUPABASE_ACADEMIC;Língua Inglesa;Itens gramaticais relevantes para a compreensão dos conteúdos semânticos;50
42;transpetro-2026-04-engenharia-mec-nica;Transpetro 2026 — Engenharia Mecânica;SUPABASE_ACADEMIC;Língua Portuguesa;Compreensão de textos de gêneros variados;50
42;transpetro-2026-04-engenharia-mec-nica;Transpetro 2026 — Engenharia Mecânica;SUPABASE_ACADEMIC;Língua Portuguesa;Ortografia oficial;50
42;transpetro-2026-04-engenharia-mec-nica;Transpetro 2026 — Engenharia Mecânica;SUPABASE_ACADEMIC;Língua Portuguesa;Mecanismos de coesão textual;50
42;transpetro-2026-04-engenharia-mec-nica;Transpetro 2026 — Engenharia Mecânica;SUPABASE_ACADEMIC;Língua Portuguesa;Emprego das classes de palavras;50
42;transpetro-2026-04-engenharia-mec-nica;Transpetro 2026 — Engenharia Mecânica;SUPABASE_ACADEMIC;Língua Portuguesa;Concordância nominal e verbal;50
42;transpetro-2026-04-engenharia-mec-nica;Transpetro 2026 — Engenharia Mecânica;SUPABASE_ACADEMIC;Língua Portuguesa;Emprego do sinal indicativo de crase;50
42;transpetro-2026-04-engenharia-mec-nica;Transpetro 2026 — Engenharia Mecânica;SUPABASE_ACADEMIC;Língua Portuguesa;Sinais de pontuação;50
42;transpetro-2026-04-engenharia-mec-nica;Transpetro 2026 — Engenharia Mecânica;SUPABASE_ACADEMIC;Língua Portuguesa;Significação das palavras;50
42;transpetro-2026-04-engenharia-mec-nica;Transpetro 2026 — Engenharia Mecânica;SUPABASE_ACADEMIC;Língua Portuguesa;Concordância verbal e nominal;50
42;transpetro-2026-04-engenharia-mec-nica;Transpetro 2026 — Engenharia Mecânica;SUPABASE_ACADEMIC;Língua Portuguesa;Regência verbal e nominal;50
42;transpetro-2026-04-engenharia-mec-nica;Transpetro 2026 — Engenharia Mecânica;SUPABASE_ACADEMIC;Língua Portuguesa;Emprego do sinal indicativo de crase;50
42;transpetro-2026-04-engenharia-mec-nica;Transpetro 2026 — Engenharia Mecânica;SUPABASE_ACADEMIC;Língua Portuguesa;Colocação dos pronomes átonos;50
53;transpetro-2026-04-engenharia-naval;Transpetro 2026 — Engenharia Naval;SUPABASE_ACADEMIC;Conhecimentos Específicos;Conteúdo específico — Engenharia Naval;50
53;transpetro-2026-04-engenharia-naval;Transpetro 2026 — Engenharia Naval;SUPABASE_ACADEMIC;Língua Inglesa;Compreensão de texto escrito em língua inglesa;50
53;transpetro-2026-04-engenharia-naval;Transpetro 2026 — Engenharia Naval;SUPABASE_ACADEMIC;Língua Inglesa;Itens gramaticais relevantes para a compreensão dos conteúdos semânticos;50
53;transpetro-2026-04-engenharia-naval;Transpetro 2026 — Engenharia Naval;SUPABASE_ACADEMIC;Língua Portuguesa;Compreensão de textos de gêneros variados;50
53;transpetro-2026-04-engenharia-naval;Transpetro 2026 — Engenharia Naval;SUPABASE_ACADEMIC;Língua Portuguesa;Ortografia oficial;50
53;transpetro-2026-04-engenharia-naval;Transpetro 2026 — Engenharia Naval;SUPABASE_ACADEMIC;Língua Portuguesa;Mecanismos de coesão textual;50
53;transpetro-2026-04-engenharia-naval;Transpetro 2026 — Engenharia Naval;SUPABASE_ACADEMIC;Língua Portuguesa;Emprego das classes de palavras;50
53;transpetro-2026-04-engenharia-naval;Transpetro 2026 — Engenharia Naval;SUPABASE_ACADEMIC;Língua Portuguesa;Concordância nominal e verbal;50
53;transpetro-2026-04-engenharia-naval;Transpetro 2026 — Engenharia Naval;SUPABASE_ACADEMIC;Língua Portuguesa;Emprego do sinal indicativo de crase;50
53;transpetro-2026-04-engenharia-naval;Transpetro 2026 — Engenharia Naval;SUPABASE_ACADEMIC;Língua Portuguesa;Sinais de pontuação;50
53;transpetro-2026-04-engenharia-naval;Transpetro 2026 — Engenharia Naval;SUPABASE_ACADEMIC;Língua Portuguesa;Significação das palavras;50
53;transpetro-2026-04-engenharia-naval;Transpetro 2026 — Engenharia Naval;SUPABASE_ACADEMIC;Língua Portuguesa;Concordância verbal e nominal;50
53;transpetro-2026-04-engenharia-naval;Transpetro 2026 — Engenharia Naval;SUPABASE_ACADEMIC;Língua Portuguesa;Regência verbal e nominal;50
53;transpetro-2026-04-engenharia-naval;Transpetro 2026 — Engenharia Naval;SUPABASE_ACADEMIC;Língua Portuguesa;Emprego do sinal indicativo de crase;50
53;transpetro-2026-04-engenharia-naval;Transpetro 2026 — Engenharia Naval;SUPABASE_ACADEMIC;Língua Portuguesa;Colocação dos pronomes átonos;50
67;transpetro-2026-04-engenharia-qu-mica;Transpetro 2026 — Engenharia Química;SUPABASE_ACADEMIC;Conhecimentos Específicos;Conteúdo específico — Engenharia Química;50
67;transpetro-2026-04-engenharia-qu-mica;Transpetro 2026 — Engenharia Química;SUPABASE_ACADEMIC;Língua Inglesa;Compreensão de texto escrito em língua inglesa;50
67;transpetro-2026-04-engenharia-qu-mica;Transpetro 2026 — Engenharia Química;SUPABASE_ACADEMIC;Língua Inglesa;Itens gramaticais relevantes para a compreensão dos conteúdos semânticos;50
67;transpetro-2026-04-engenharia-qu-mica;Transpetro 2026 — Engenharia Química;SUPABASE_ACADEMIC;Língua Portuguesa;Compreensão de textos de gêneros variados;50
67;transpetro-2026-04-engenharia-qu-mica;Transpetro 2026 — Engenharia Química;SUPABASE_ACADEMIC;Língua Portuguesa;Ortografia oficial;50
67;transpetro-2026-04-engenharia-qu-mica;Transpetro 2026 — Engenharia Química;SUPABASE_ACADEMIC;Língua Portuguesa;Mecanismos de coesão textual;50
67;transpetro-2026-04-engenharia-qu-mica;Transpetro 2026 — Engenharia Química;SUPABASE_ACADEMIC;Língua Portuguesa;Emprego das classes de palavras;50
67;transpetro-2026-04-engenharia-qu-mica;Transpetro 2026 — Engenharia Química;SUPABASE_ACADEMIC;Língua Portuguesa;Concordância nominal e verbal;50
67;transpetro-2026-04-engenharia-qu-mica;Transpetro 2026 — Engenharia Química;SUPABASE_ACADEMIC;Língua Portuguesa;Emprego do sinal indicativo de crase;50
67;transpetro-2026-04-engenharia-qu-mica;Transpetro 2026 — Engenharia Química;SUPABASE_ACADEMIC;Língua Portuguesa;Sinais de pontuação;50
67;transpetro-2026-04-engenharia-qu-mica;Transpetro 2026 — Engenharia Química;SUPABASE_ACADEMIC;Língua Portuguesa;Significação das palavras;50
67;transpetro-2026-04-engenharia-qu-mica;Transpetro 2026 — Engenharia Química;SUPABASE_ACADEMIC;Língua Portuguesa;Concordância verbal e nominal;50
67;transpetro-2026-04-engenharia-qu-mica;Transpetro 2026 — Engenharia Química;SUPABASE_ACADEMIC;Língua Portuguesa;Regência verbal e nominal;50
67;transpetro-2026-04-engenharia-qu-mica;Transpetro 2026 — Engenharia Química;SUPABASE_ACADEMIC;Língua Portuguesa;Emprego do sinal indicativo de crase;50
67;transpetro-2026-04-engenharia-qu-mica;Transpetro 2026 — Engenharia Química;SUPABASE_ACADEMIC;Língua Portuguesa;Colocação dos pronomes átonos;50
11;transpetro-2026-03-faixa-de-dutos;Transpetro 2026 — Faixa de Dutos;SUPABASE_ACADEMIC;Conhecimentos Específicos;Conteúdo específico — Faixa de Dutos;50
11;transpetro-2026-03-faixa-de-dutos;Transpetro 2026 — Faixa de Dutos;SUPABASE_ACADEMIC;Língua Portuguesa;Compreensão de textos de gêneros variados;50
11;transpetro-2026-03-faixa-de-dutos;Transpetro 2026 — Faixa de Dutos;SUPABASE_ACADEMIC;Língua Portuguesa;Ortografia oficial;50
11;transpetro-2026-03-faixa-de-dutos;Transpetro 2026 — Faixa de Dutos;SUPABASE_ACADEMIC;Língua Portuguesa;Mecanismos de coesão textual;50
11;transpetro-2026-03-faixa-de-dutos;Transpetro 2026 — Faixa de Dutos;SUPABASE_ACADEMIC;Língua Portuguesa;Emprego das classes de palavras;50
11;transpetro-2026-03-faixa-de-dutos;Transpetro 2026 — Faixa de Dutos;SUPABASE_ACADEMIC;Língua Portuguesa;Concordância nominal e verbal;50
11;transpetro-2026-03-faixa-de-dutos;Transpetro 2026 — Faixa de Dutos;SUPABASE_ACADEMIC;Língua Portuguesa;Emprego do sinal indicativo de crase;50
11;transpetro-2026-03-faixa-de-dutos;Transpetro 2026 — Faixa de Dutos;SUPABASE_ACADEMIC;Língua Portuguesa;Sinais de pontuação;50
11;transpetro-2026-03-faixa-de-dutos;Transpetro 2026 — Faixa de Dutos;SUPABASE_ACADEMIC;Língua Portuguesa;Significação das palavras;50
11;transpetro-2026-03-faixa-de-dutos;Transpetro 2026 — Faixa de Dutos;SUPABASE_ACADEMIC;Matemática;Conjuntos numéricos;50
11;transpetro-2026-03-faixa-de-dutos;Transpetro 2026 — Faixa de Dutos;SUPABASE_ACADEMIC;Matemática;Razão e proporção, regra de três e porcentagem;65
11;transpetro-2026-03-faixa-de-dutos;Transpetro 2026 — Faixa de Dutos;SUPABASE_ACADEMIC;Matemática;Relações e funções;50
11;transpetro-2026-03-faixa-de-dutos;Transpetro 2026 — Faixa de Dutos;SUPABASE_ACADEMIC;Matemática;Equações e sistemas de equações lineares;50
11;transpetro-2026-03-faixa-de-dutos;Transpetro 2026 — Faixa de Dutos;SUPABASE_ACADEMIC;Matemática;Análise combinatória;50
11;transpetro-2026-03-faixa-de-dutos;Transpetro 2026 — Faixa de Dutos;SUPABASE_ACADEMIC;Matemática;Probabilidade básica;50
33;transpetro-2026-03-inspe-o-de-equipamentos-e-instala-es;Transpetro 2026 — Inspeção de Equipamentos e Instalações;SUPABASE_ACADEMIC;Conhecimentos Específicos;Conteúdo específico — Inspeção de Equipamentos e Instalações;50
33;transpetro-2026-03-inspe-o-de-equipamentos-e-instala-es;Transpetro 2026 — Inspeção de Equipamentos e Instalações;SUPABASE_ACADEMIC;Língua Portuguesa;Compreensão de textos de gêneros variados;50
33;transpetro-2026-03-inspe-o-de-equipamentos-e-instala-es;Transpetro 2026 — Inspeção de Equipamentos e Instalações;SUPABASE_ACADEMIC;Língua Portuguesa;Ortografia oficial;50
33;transpetro-2026-03-inspe-o-de-equipamentos-e-instala-es;Transpetro 2026 — Inspeção de Equipamentos e Instalações;SUPABASE_ACADEMIC;Língua Portuguesa;Mecanismos de coesão textual;50
33;transpetro-2026-03-inspe-o-de-equipamentos-e-instala-es;Transpetro 2026 — Inspeção de Equipamentos e Instalações;SUPABASE_ACADEMIC;Língua Portuguesa;Emprego das classes de palavras;50
33;transpetro-2026-03-inspe-o-de-equipamentos-e-instala-es;Transpetro 2026 — Inspeção de Equipamentos e Instalações;SUPABASE_ACADEMIC;Língua Portuguesa;Concordância nominal e verbal;50
33;transpetro-2026-03-inspe-o-de-equipamentos-e-instala-es;Transpetro 2026 — Inspeção de Equipamentos e Instalações;SUPABASE_ACADEMIC;Língua Portuguesa;Emprego do sinal indicativo de crase;50
33;transpetro-2026-03-inspe-o-de-equipamentos-e-instala-es;Transpetro 2026 — Inspeção de Equipamentos e Instalações;SUPABASE_ACADEMIC;Língua Portuguesa;Sinais de pontuação;50
33;transpetro-2026-03-inspe-o-de-equipamentos-e-instala-es;Transpetro 2026 — Inspeção de Equipamentos e Instalações;SUPABASE_ACADEMIC;Língua Portuguesa;Significação das palavras;50
33;transpetro-2026-03-inspe-o-de-equipamentos-e-instala-es;Transpetro 2026 — Inspeção de Equipamentos e Instalações;SUPABASE_ACADEMIC;Matemática;Conjuntos numéricos;50
33;transpetro-2026-03-inspe-o-de-equipamentos-e-instala-es;Transpetro 2026 — Inspeção de Equipamentos e Instalações;SUPABASE_ACADEMIC;Matemática;Razão e proporção, regra de três e porcentagem;65
33;transpetro-2026-03-inspe-o-de-equipamentos-e-instala-es;Transpetro 2026 — Inspeção de Equipamentos e Instalações;SUPABASE_ACADEMIC;Matemática;Relações e funções;50
33;transpetro-2026-03-inspe-o-de-equipamentos-e-instala-es;Transpetro 2026 — Inspeção de Equipamentos e Instalações;SUPABASE_ACADEMIC;Matemática;Equações e sistemas de equações lineares;50
33;transpetro-2026-03-inspe-o-de-equipamentos-e-instala-es;Transpetro 2026 — Inspeção de Equipamentos e Instalações;SUPABASE_ACADEMIC;Matemática;Análise combinatória;50
33;transpetro-2026-03-inspe-o-de-equipamentos-e-instala-es;Transpetro 2026 — Inspeção de Equipamentos e Instalações;SUPABASE_ACADEMIC;Matemática;Probabilidade básica;50
36;transpetro-2026-03-manuten-o-el-trica;Transpetro 2026 — Manutenção - Elétrica;SUPABASE_ACADEMIC;Conhecimentos Específicos;Conteúdo específico — Manutenção - Elétrica;50
36;transpetro-2026-03-manuten-o-el-trica;Transpetro 2026 — Manutenção - Elétrica;SUPABASE_ACADEMIC;Língua Portuguesa;Compreensão de textos de gêneros variados;50
36;transpetro-2026-03-manuten-o-el-trica;Transpetro 2026 — Manutenção - Elétrica;SUPABASE_ACADEMIC;Língua Portuguesa;Ortografia oficial;50
36;transpetro-2026-03-manuten-o-el-trica;Transpetro 2026 — Manutenção - Elétrica;SUPABASE_ACADEMIC;Língua Portuguesa;Mecanismos de coesão textual;50
36;transpetro-2026-03-manuten-o-el-trica;Transpetro 2026 — Manutenção - Elétrica;SUPABASE_ACADEMIC;Língua Portuguesa;Emprego das classes de palavras;50
36;transpetro-2026-03-manuten-o-el-trica;Transpetro 2026 — Manutenção - Elétrica;SUPABASE_ACADEMIC;Língua Portuguesa;Concordância nominal e verbal;50
36;transpetro-2026-03-manuten-o-el-trica;Transpetro 2026 — Manutenção - Elétrica;SUPABASE_ACADEMIC;Língua Portuguesa;Emprego do sinal indicativo de crase;50
36;transpetro-2026-03-manuten-o-el-trica;Transpetro 2026 — Manutenção - Elétrica;SUPABASE_ACADEMIC;Língua Portuguesa;Sinais de pontuação;50
36;transpetro-2026-03-manuten-o-el-trica;Transpetro 2026 — Manutenção - Elétrica;SUPABASE_ACADEMIC;Língua Portuguesa;Significação das palavras;50
36;transpetro-2026-03-manuten-o-el-trica;Transpetro 2026 — Manutenção - Elétrica;SUPABASE_ACADEMIC;Matemática;Conjuntos numéricos;50
36;transpetro-2026-03-manuten-o-el-trica;Transpetro 2026 — Manutenção - Elétrica;SUPABASE_ACADEMIC;Matemática;Razão e proporção, regra de três e porcentagem;65
36;transpetro-2026-03-manuten-o-el-trica;Transpetro 2026 — Manutenção - Elétrica;SUPABASE_ACADEMIC;Matemática;Relações e funções;50
36;transpetro-2026-03-manuten-o-el-trica;Transpetro 2026 — Manutenção - Elétrica;SUPABASE_ACADEMIC;Matemática;Equações e sistemas de equações lineares;50
36;transpetro-2026-03-manuten-o-el-trica;Transpetro 2026 — Manutenção - Elétrica;SUPABASE_ACADEMIC;Matemática;Análise combinatória;50
36;transpetro-2026-03-manuten-o-el-trica;Transpetro 2026 — Manutenção - Elétrica;SUPABASE_ACADEMIC;Matemática;Probabilidade básica;50
28;transpetro-2026-03-manuten-o-eletr-nica;Transpetro 2026 — Manutenção - Eletrônica;SUPABASE_ACADEMIC;Conhecimentos Específicos;Conteúdo específico — Manutenção - Eletrônica;50
28;transpetro-2026-03-manuten-o-eletr-nica;Transpetro 2026 — Manutenção - Eletrônica;SUPABASE_ACADEMIC;Língua Portuguesa;Compreensão de textos de gêneros variados;50
28;transpetro-2026-03-manuten-o-eletr-nica;Transpetro 2026 — Manutenção - Eletrônica;SUPABASE_ACADEMIC;Língua Portuguesa;Ortografia oficial;50
28;transpetro-2026-03-manuten-o-eletr-nica;Transpetro 2026 — Manutenção - Eletrônica;SUPABASE_ACADEMIC;Língua Portuguesa;Mecanismos de coesão textual;50
28;transpetro-2026-03-manuten-o-eletr-nica;Transpetro 2026 — Manutenção - Eletrônica;SUPABASE_ACADEMIC;Língua Portuguesa;Emprego das classes de palavras;50
28;transpetro-2026-03-manuten-o-eletr-nica;Transpetro 2026 — Manutenção - Eletrônica;SUPABASE_ACADEMIC;Língua Portuguesa;Concordância nominal e verbal;50
28;transpetro-2026-03-manuten-o-eletr-nica;Transpetro 2026 — Manutenção - Eletrônica;SUPABASE_ACADEMIC;Língua Portuguesa;Emprego do sinal indicativo de crase;50
28;transpetro-2026-03-manuten-o-eletr-nica;Transpetro 2026 — Manutenção - Eletrônica;SUPABASE_ACADEMIC;Língua Portuguesa;Sinais de pontuação;50
28;transpetro-2026-03-manuten-o-eletr-nica;Transpetro 2026 — Manutenção - Eletrônica;SUPABASE_ACADEMIC;Língua Portuguesa;Significação das palavras;50
28;transpetro-2026-03-manuten-o-eletr-nica;Transpetro 2026 — Manutenção - Eletrônica;SUPABASE_ACADEMIC;Matemática;Conjuntos numéricos;50
28;transpetro-2026-03-manuten-o-eletr-nica;Transpetro 2026 — Manutenção - Eletrônica;SUPABASE_ACADEMIC;Matemática;Razão e proporção, regra de três e porcentagem;65
28;transpetro-2026-03-manuten-o-eletr-nica;Transpetro 2026 — Manutenção - Eletrônica;SUPABASE_ACADEMIC;Matemática;Relações e funções;50
28;transpetro-2026-03-manuten-o-eletr-nica;Transpetro 2026 — Manutenção - Eletrônica;SUPABASE_ACADEMIC;Matemática;Equações e sistemas de equações lineares;50
28;transpetro-2026-03-manuten-o-eletr-nica;Transpetro 2026 — Manutenção - Eletrônica;SUPABASE_ACADEMIC;Matemática;Análise combinatória;50
28;transpetro-2026-03-manuten-o-eletr-nica;Transpetro 2026 — Manutenção - Eletrônica;SUPABASE_ACADEMIC;Matemática;Probabilidade básica;50
34;transpetro-2026-03-manuten-o-instrumenta-o;Transpetro 2026 — Manutenção - Instrumentação;SUPABASE_ACADEMIC;Conhecimentos Específicos;Conteúdo específico — Manutenção - Instrumentação;50
34;transpetro-2026-03-manuten-o-instrumenta-o;Transpetro 2026 — Manutenção - Instrumentação;SUPABASE_ACADEMIC;Língua Portuguesa;Compreensão de textos de gêneros variados;50
34;transpetro-2026-03-manuten-o-instrumenta-o;Transpetro 2026 — Manutenção - Instrumentação;SUPABASE_ACADEMIC;Língua Portuguesa;Ortografia oficial;50
34;transpetro-2026-03-manuten-o-instrumenta-o;Transpetro 2026 — Manutenção - Instrumentação;SUPABASE_ACADEMIC;Língua Portuguesa;Mecanismos de coesão textual;50
34;transpetro-2026-03-manuten-o-instrumenta-o;Transpetro 2026 — Manutenção - Instrumentação;SUPABASE_ACADEMIC;Língua Portuguesa;Emprego das classes de palavras;50
34;transpetro-2026-03-manuten-o-instrumenta-o;Transpetro 2026 — Manutenção - Instrumentação;SUPABASE_ACADEMIC;Língua Portuguesa;Concordância nominal e verbal;50
34;transpetro-2026-03-manuten-o-instrumenta-o;Transpetro 2026 — Manutenção - Instrumentação;SUPABASE_ACADEMIC;Língua Portuguesa;Emprego do sinal indicativo de crase;50
34;transpetro-2026-03-manuten-o-instrumenta-o;Transpetro 2026 — Manutenção - Instrumentação;SUPABASE_ACADEMIC;Língua Portuguesa;Sinais de pontuação;50
34;transpetro-2026-03-manuten-o-instrumenta-o;Transpetro 2026 — Manutenção - Instrumentação;SUPABASE_ACADEMIC;Língua Portuguesa;Significação das palavras;50
34;transpetro-2026-03-manuten-o-instrumenta-o;Transpetro 2026 — Manutenção - Instrumentação;SUPABASE_ACADEMIC;Matemática;Conjuntos numéricos;50
34;transpetro-2026-03-manuten-o-instrumenta-o;Transpetro 2026 — Manutenção - Instrumentação;SUPABASE_ACADEMIC;Matemática;Razão e proporção, regra de três e porcentagem;65
34;transpetro-2026-03-manuten-o-instrumenta-o;Transpetro 2026 — Manutenção - Instrumentação;SUPABASE_ACADEMIC;Matemática;Relações e funções;50
34;transpetro-2026-03-manuten-o-instrumenta-o;Transpetro 2026 — Manutenção - Instrumentação;SUPABASE_ACADEMIC;Matemática;Equações e sistemas de equações lineares;50
34;transpetro-2026-03-manuten-o-instrumenta-o;Transpetro 2026 — Manutenção - Instrumentação;SUPABASE_ACADEMIC;Matemática;Análise combinatória;50
34;transpetro-2026-03-manuten-o-instrumenta-o;Transpetro 2026 — Manutenção - Instrumentação;SUPABASE_ACADEMIC;Matemática;Probabilidade básica;50
25;transpetro-2026-03-manuten-o-mec-nica;Transpetro 2026 — Manutenção - Mecânica;SUPABASE_ACADEMIC;Conhecimentos Específicos;Conteúdo específico — Manutenção - Mecânica;50
25;transpetro-2026-03-manuten-o-mec-nica;Transpetro 2026 — Manutenção - Mecânica;SUPABASE_ACADEMIC;Língua Portuguesa;Compreensão de textos de gêneros variados;50
25;transpetro-2026-03-manuten-o-mec-nica;Transpetro 2026 — Manutenção - Mecânica;SUPABASE_ACADEMIC;Língua Portuguesa;Ortografia oficial;50
25;transpetro-2026-03-manuten-o-mec-nica;Transpetro 2026 — Manutenção - Mecânica;SUPABASE_ACADEMIC;Língua Portuguesa;Mecanismos de coesão textual;50
25;transpetro-2026-03-manuten-o-mec-nica;Transpetro 2026 — Manutenção - Mecânica;SUPABASE_ACADEMIC;Língua Portuguesa;Emprego das classes de palavras;50
25;transpetro-2026-03-manuten-o-mec-nica;Transpetro 2026 — Manutenção - Mecânica;SUPABASE_ACADEMIC;Língua Portuguesa;Concordância nominal e verbal;50
25;transpetro-2026-03-manuten-o-mec-nica;Transpetro 2026 — Manutenção - Mecânica;SUPABASE_ACADEMIC;Língua Portuguesa;Emprego do sinal indicativo de crase;50
25;transpetro-2026-03-manuten-o-mec-nica;Transpetro 2026 — Manutenção - Mecânica;SUPABASE_ACADEMIC;Língua Portuguesa;Sinais de pontuação;50
25;transpetro-2026-03-manuten-o-mec-nica;Transpetro 2026 — Manutenção - Mecânica;SUPABASE_ACADEMIC;Língua Portuguesa;Significação das palavras;50
25;transpetro-2026-03-manuten-o-mec-nica;Transpetro 2026 — Manutenção - Mecânica;SUPABASE_ACADEMIC;Matemática;Conjuntos numéricos;50
25;transpetro-2026-03-manuten-o-mec-nica;Transpetro 2026 — Manutenção - Mecânica;SUPABASE_ACADEMIC;Matemática;Razão e proporção, regra de três e porcentagem;65
25;transpetro-2026-03-manuten-o-mec-nica;Transpetro 2026 — Manutenção - Mecânica;SUPABASE_ACADEMIC;Matemática;Relações e funções;50
25;transpetro-2026-03-manuten-o-mec-nica;Transpetro 2026 — Manutenção - Mecânica;SUPABASE_ACADEMIC;Matemática;Equações e sistemas de equações lineares;50
25;transpetro-2026-03-manuten-o-mec-nica;Transpetro 2026 — Manutenção - Mecânica;SUPABASE_ACADEMIC;Matemática;Análise combinatória;50
25;transpetro-2026-03-manuten-o-mec-nica;Transpetro 2026 — Manutenção - Mecânica;SUPABASE_ACADEMIC;Matemática;Probabilidade básica;50
61;transpetro-2026-04-medicina-do-trabalho;Transpetro 2026 — Medicina do Trabalho;SUPABASE_ACADEMIC;Conhecimentos Específicos;Conteúdo específico — Medicina do Trabalho;50
61;transpetro-2026-04-medicina-do-trabalho;Transpetro 2026 — Medicina do Trabalho;SUPABASE_ACADEMIC;Língua Inglesa;Compreensão de texto escrito em língua inglesa;50
61;transpetro-2026-04-medicina-do-trabalho;Transpetro 2026 — Medicina do Trabalho;SUPABASE_ACADEMIC;Língua Inglesa;Itens gramaticais relevantes para a compreensão dos conteúdos semânticos;50
61;transpetro-2026-04-medicina-do-trabalho;Transpetro 2026 — Medicina do Trabalho;SUPABASE_ACADEMIC;Língua Portuguesa;Compreensão de textos de gêneros variados;50
61;transpetro-2026-04-medicina-do-trabalho;Transpetro 2026 — Medicina do Trabalho;SUPABASE_ACADEMIC;Língua Portuguesa;Ortografia oficial;50
61;transpetro-2026-04-medicina-do-trabalho;Transpetro 2026 — Medicina do Trabalho;SUPABASE_ACADEMIC;Língua Portuguesa;Mecanismos de coesão textual;50
61;transpetro-2026-04-medicina-do-trabalho;Transpetro 2026 — Medicina do Trabalho;SUPABASE_ACADEMIC;Língua Portuguesa;Emprego das classes de palavras;50
61;transpetro-2026-04-medicina-do-trabalho;Transpetro 2026 — Medicina do Trabalho;SUPABASE_ACADEMIC;Língua Portuguesa;Concordância nominal e verbal;50
61;transpetro-2026-04-medicina-do-trabalho;Transpetro 2026 — Medicina do Trabalho;SUPABASE_ACADEMIC;Língua Portuguesa;Emprego do sinal indicativo de crase;50
61;transpetro-2026-04-medicina-do-trabalho;Transpetro 2026 — Medicina do Trabalho;SUPABASE_ACADEMIC;Língua Portuguesa;Sinais de pontuação;50
61;transpetro-2026-04-medicina-do-trabalho;Transpetro 2026 — Medicina do Trabalho;SUPABASE_ACADEMIC;Língua Portuguesa;Significação das palavras;50
61;transpetro-2026-04-medicina-do-trabalho;Transpetro 2026 — Medicina do Trabalho;SUPABASE_ACADEMIC;Língua Portuguesa;Concordância verbal e nominal;50
61;transpetro-2026-04-medicina-do-trabalho;Transpetro 2026 — Medicina do Trabalho;SUPABASE_ACADEMIC;Língua Portuguesa;Regência verbal e nominal;50
61;transpetro-2026-04-medicina-do-trabalho;Transpetro 2026 — Medicina do Trabalho;SUPABASE_ACADEMIC;Língua Portuguesa;Emprego do sinal indicativo de crase;50
61;transpetro-2026-04-medicina-do-trabalho;Transpetro 2026 — Medicina do Trabalho;SUPABASE_ACADEMIC;Língua Portuguesa;Colocação dos pronomes átonos;50
14;transpetro-2026-01-mo-o-de-conv-s-moc-;Transpetro 2026 — Moço de Convés (MOC);SUPABASE_ACADEMIC;Conhecimentos Específicos;Conteúdo específico — Moço de Convés (MOC);50
14;transpetro-2026-01-mo-o-de-conv-s-moc-;Transpetro 2026 — Moço de Convés (MOC);SUPABASE_ACADEMIC;Língua Portuguesa;Compreensão de textos de gêneros variados;50
14;transpetro-2026-01-mo-o-de-conv-s-moc-;Transpetro 2026 — Moço de Convés (MOC);SUPABASE_ACADEMIC;Língua Portuguesa;Ortografia oficial;50
14;transpetro-2026-01-mo-o-de-conv-s-moc-;Transpetro 2026 — Moço de Convés (MOC);SUPABASE_ACADEMIC;Língua Portuguesa;Mecanismos de coesão textual;50
14;transpetro-2026-01-mo-o-de-conv-s-moc-;Transpetro 2026 — Moço de Convés (MOC);SUPABASE_ACADEMIC;Língua Portuguesa;Emprego das classes de palavras;50
14;transpetro-2026-01-mo-o-de-conv-s-moc-;Transpetro 2026 — Moço de Convés (MOC);SUPABASE_ACADEMIC;Língua Portuguesa;Concordância nominal e verbal;50
14;transpetro-2026-01-mo-o-de-conv-s-moc-;Transpetro 2026 — Moço de Convés (MOC);SUPABASE_ACADEMIC;Língua Portuguesa;Emprego do sinal indicativo de crase;50
14;transpetro-2026-01-mo-o-de-conv-s-moc-;Transpetro 2026 — Moço de Convés (MOC);SUPABASE_ACADEMIC;Língua Portuguesa;Sinais de pontuação;50
14;transpetro-2026-01-mo-o-de-conv-s-moc-;Transpetro 2026 — Moço de Convés (MOC);SUPABASE_ACADEMIC;Língua Portuguesa;Significação das palavras;50
19;transpetro-2026-01-mo-o-de-m-quinas-mom-;Transpetro 2026 — Moço de Máquinas (MOM);SUPABASE_ACADEMIC;Conhecimentos Específicos;Conteúdo específico — Moço de Máquinas (MOM);50
19;transpetro-2026-01-mo-o-de-m-quinas-mom-;Transpetro 2026 — Moço de Máquinas (MOM);SUPABASE_ACADEMIC;Língua Portuguesa;Compreensão de textos de gêneros variados;50
19;transpetro-2026-01-mo-o-de-m-quinas-mom-;Transpetro 2026 — Moço de Máquinas (MOM);SUPABASE_ACADEMIC;Língua Portuguesa;Ortografia oficial;50
19;transpetro-2026-01-mo-o-de-m-quinas-mom-;Transpetro 2026 — Moço de Máquinas (MOM);SUPABASE_ACADEMIC;Língua Portuguesa;Mecanismos de coesão textual;50
19;transpetro-2026-01-mo-o-de-m-quinas-mom-;Transpetro 2026 — Moço de Máquinas (MOM);SUPABASE_ACADEMIC;Língua Portuguesa;Emprego das classes de palavras;50
19;transpetro-2026-01-mo-o-de-m-quinas-mom-;Transpetro 2026 — Moço de Máquinas (MOM);SUPABASE_ACADEMIC;Língua Portuguesa;Concordância nominal e verbal;50
19;transpetro-2026-01-mo-o-de-m-quinas-mom-;Transpetro 2026 — Moço de Máquinas (MOM);SUPABASE_ACADEMIC;Língua Portuguesa;Emprego do sinal indicativo de crase;50
19;transpetro-2026-01-mo-o-de-m-quinas-mom-;Transpetro 2026 — Moço de Máquinas (MOM);SUPABASE_ACADEMIC;Língua Portuguesa;Sinais de pontuação;50
19;transpetro-2026-01-mo-o-de-m-quinas-mom-;Transpetro 2026 — Moço de Máquinas (MOM);SUPABASE_ACADEMIC;Língua Portuguesa;Significação das palavras;50
32;transpetro-2026-03-monitoramento-log-stico;Transpetro 2026 — Monitoramento Logístico;SUPABASE_ACADEMIC;Conhecimentos Específicos;Conteúdo específico — Monitoramento Logístico;50
32;transpetro-2026-03-monitoramento-log-stico;Transpetro 2026 — Monitoramento Logístico;SUPABASE_ACADEMIC;Língua Portuguesa;Compreensão de textos de gêneros variados;50
32;transpetro-2026-03-monitoramento-log-stico;Transpetro 2026 — Monitoramento Logístico;SUPABASE_ACADEMIC;Língua Portuguesa;Ortografia oficial;50
32;transpetro-2026-03-monitoramento-log-stico;Transpetro 2026 — Monitoramento Logístico;SUPABASE_ACADEMIC;Língua Portuguesa;Mecanismos de coesão textual;50
32;transpetro-2026-03-monitoramento-log-stico;Transpetro 2026 — Monitoramento Logístico;SUPABASE_ACADEMIC;Língua Portuguesa;Emprego das classes de palavras;50
32;transpetro-2026-03-monitoramento-log-stico;Transpetro 2026 — Monitoramento Logístico;SUPABASE_ACADEMIC;Língua Portuguesa;Concordância nominal e verbal;50
32;transpetro-2026-03-monitoramento-log-stico;Transpetro 2026 — Monitoramento Logístico;SUPABASE_ACADEMIC;Língua Portuguesa;Emprego do sinal indicativo de crase;50
32;transpetro-2026-03-monitoramento-log-stico;Transpetro 2026 — Monitoramento Logístico;SUPABASE_ACADEMIC;Língua Portuguesa;Sinais de pontuação;50
32;transpetro-2026-03-monitoramento-log-stico;Transpetro 2026 — Monitoramento Logístico;SUPABASE_ACADEMIC;Língua Portuguesa;Significação das palavras;50
32;transpetro-2026-03-monitoramento-log-stico;Transpetro 2026 — Monitoramento Logístico;SUPABASE_ACADEMIC;Matemática;Conjuntos numéricos;50
32;transpetro-2026-03-monitoramento-log-stico;Transpetro 2026 — Monitoramento Logístico;SUPABASE_ACADEMIC;Matemática;Razão e proporção, regra de três e porcentagem;65
32;transpetro-2026-03-monitoramento-log-stico;Transpetro 2026 — Monitoramento Logístico;SUPABASE_ACADEMIC;Matemática;Relações e funções;50
32;transpetro-2026-03-monitoramento-log-stico;Transpetro 2026 — Monitoramento Logístico;SUPABASE_ACADEMIC;Matemática;Equações e sistemas de equações lineares;50
32;transpetro-2026-03-monitoramento-log-stico;Transpetro 2026 — Monitoramento Logístico;SUPABASE_ACADEMIC;Matemática;Análise combinatória;50
32;transpetro-2026-03-monitoramento-log-stico;Transpetro 2026 — Monitoramento Logístico;SUPABASE_ACADEMIC;Matemática;Probabilidade básica;50
17;transpetro-2026-03-naval;Transpetro 2026 — Naval;SUPABASE_ACADEMIC;Conhecimentos Específicos;Conteúdo específico — Naval;50
17;transpetro-2026-03-naval;Transpetro 2026 — Naval;SUPABASE_ACADEMIC;Língua Portuguesa;Compreensão de textos de gêneros variados;50
17;transpetro-2026-03-naval;Transpetro 2026 — Naval;SUPABASE_ACADEMIC;Língua Portuguesa;Ortografia oficial;50
17;transpetro-2026-03-naval;Transpetro 2026 — Naval;SUPABASE_ACADEMIC;Língua Portuguesa;Mecanismos de coesão textual;50
17;transpetro-2026-03-naval;Transpetro 2026 — Naval;SUPABASE_ACADEMIC;Língua Portuguesa;Emprego das classes de palavras;50
17;transpetro-2026-03-naval;Transpetro 2026 — Naval;SUPABASE_ACADEMIC;Língua Portuguesa;Concordância nominal e verbal;50
17;transpetro-2026-03-naval;Transpetro 2026 — Naval;SUPABASE_ACADEMIC;Língua Portuguesa;Emprego do sinal indicativo de crase;50
17;transpetro-2026-03-naval;Transpetro 2026 — Naval;SUPABASE_ACADEMIC;Língua Portuguesa;Sinais de pontuação;50
17;transpetro-2026-03-naval;Transpetro 2026 — Naval;SUPABASE_ACADEMIC;Língua Portuguesa;Significação das palavras;50
17;transpetro-2026-03-naval;Transpetro 2026 — Naval;SUPABASE_ACADEMIC;Matemática;Conjuntos numéricos;50
17;transpetro-2026-03-naval;Transpetro 2026 — Naval;SUPABASE_ACADEMIC;Matemática;Razão e proporção, regra de três e porcentagem;65
17;transpetro-2026-03-naval;Transpetro 2026 — Naval;SUPABASE_ACADEMIC;Matemática;Relações e funções;50
17;transpetro-2026-03-naval;Transpetro 2026 — Naval;SUPABASE_ACADEMIC;Matemática;Equações e sistemas de equações lineares;50
17;transpetro-2026-03-naval;Transpetro 2026 — Naval;SUPABASE_ACADEMIC;Matemática;Análise combinatória;50
17;transpetro-2026-03-naval;Transpetro 2026 — Naval;SUPABASE_ACADEMIC;Matemática;Probabilidade básica;50
66;transpetro-2026-04-nutri-o;Transpetro 2026 — Nutrição;SUPABASE_ACADEMIC;Conhecimentos Específicos;Conteúdo específico — Nutrição;50
66;transpetro-2026-04-nutri-o;Transpetro 2026 — Nutrição;SUPABASE_ACADEMIC;Língua Inglesa;Compreensão de texto escrito em língua inglesa;50
66;transpetro-2026-04-nutri-o;Transpetro 2026 — Nutrição;SUPABASE_ACADEMIC;Língua Inglesa;Itens gramaticais relevantes para a compreensão dos conteúdos semânticos;50
66;transpetro-2026-04-nutri-o;Transpetro 2026 — Nutrição;SUPABASE_ACADEMIC;Língua Portuguesa;Compreensão de textos de gêneros variados;50
66;transpetro-2026-04-nutri-o;Transpetro 2026 — Nutrição;SUPABASE_ACADEMIC;Língua Portuguesa;Ortografia oficial;50
66;transpetro-2026-04-nutri-o;Transpetro 2026 — Nutrição;SUPABASE_ACADEMIC;Língua Portuguesa;Mecanismos de coesão textual;50
66;transpetro-2026-04-nutri-o;Transpetro 2026 — Nutrição;SUPABASE_ACADEMIC;Língua Portuguesa;Emprego das classes de palavras;50
66;transpetro-2026-04-nutri-o;Transpetro 2026 — Nutrição;SUPABASE_ACADEMIC;Língua Portuguesa;Concordância nominal e verbal;50
66;transpetro-2026-04-nutri-o;Transpetro 2026 — Nutrição;SUPABASE_ACADEMIC;Língua Portuguesa;Emprego do sinal indicativo de crase;50
66;transpetro-2026-04-nutri-o;Transpetro 2026 — Nutrição;SUPABASE_ACADEMIC;Língua Portuguesa;Sinais de pontuação;50
66;transpetro-2026-04-nutri-o;Transpetro 2026 — Nutrição;SUPABASE_ACADEMIC;Língua Portuguesa;Significação das palavras;50
66;transpetro-2026-04-nutri-o;Transpetro 2026 — Nutrição;SUPABASE_ACADEMIC;Língua Portuguesa;Concordância verbal e nominal;50
66;transpetro-2026-04-nutri-o;Transpetro 2026 — Nutrição;SUPABASE_ACADEMIC;Língua Portuguesa;Regência verbal e nominal;50
66;transpetro-2026-04-nutri-o;Transpetro 2026 — Nutrição;SUPABASE_ACADEMIC;Língua Portuguesa;Emprego do sinal indicativo de crase;50
66;transpetro-2026-04-nutri-o;Transpetro 2026 — Nutrição;SUPABASE_ACADEMIC;Língua Portuguesa;Colocação dos pronomes átonos;50
39;transpetro-2026-04-odontologia;Transpetro 2026 — Odontologia;SUPABASE_ACADEMIC;Conhecimentos Específicos;Conteúdo específico — Odontologia;50
39;transpetro-2026-04-odontologia;Transpetro 2026 — Odontologia;SUPABASE_ACADEMIC;Língua Inglesa;Compreensão de texto escrito em língua inglesa;50
39;transpetro-2026-04-odontologia;Transpetro 2026 — Odontologia;SUPABASE_ACADEMIC;Língua Inglesa;Itens gramaticais relevantes para a compreensão dos conteúdos semânticos;50
39;transpetro-2026-04-odontologia;Transpetro 2026 — Odontologia;SUPABASE_ACADEMIC;Língua Portuguesa;Compreensão de textos de gêneros variados;50
39;transpetro-2026-04-odontologia;Transpetro 2026 — Odontologia;SUPABASE_ACADEMIC;Língua Portuguesa;Ortografia oficial;50
39;transpetro-2026-04-odontologia;Transpetro 2026 — Odontologia;SUPABASE_ACADEMIC;Língua Portuguesa;Mecanismos de coesão textual;50
39;transpetro-2026-04-odontologia;Transpetro 2026 — Odontologia;SUPABASE_ACADEMIC;Língua Portuguesa;Emprego das classes de palavras;50
39;transpetro-2026-04-odontologia;Transpetro 2026 — Odontologia;SUPABASE_ACADEMIC;Língua Portuguesa;Concordância nominal e verbal;50
39;transpetro-2026-04-odontologia;Transpetro 2026 — Odontologia;SUPABASE_ACADEMIC;Língua Portuguesa;Emprego do sinal indicativo de crase;50
39;transpetro-2026-04-odontologia;Transpetro 2026 — Odontologia;SUPABASE_ACADEMIC;Língua Portuguesa;Sinais de pontuação;50
39;transpetro-2026-04-odontologia;Transpetro 2026 — Odontologia;SUPABASE_ACADEMIC;Língua Portuguesa;Significação das palavras;50
39;transpetro-2026-04-odontologia;Transpetro 2026 — Odontologia;SUPABASE_ACADEMIC;Língua Portuguesa;Concordância verbal e nominal;50
39;transpetro-2026-04-odontologia;Transpetro 2026 — Odontologia;SUPABASE_ACADEMIC;Língua Portuguesa;Regência verbal e nominal;50
39;transpetro-2026-04-odontologia;Transpetro 2026 — Odontologia;SUPABASE_ACADEMIC;Língua Portuguesa;Emprego do sinal indicativo de crase;50
39;transpetro-2026-04-odontologia;Transpetro 2026 — Odontologia;SUPABASE_ACADEMIC;Língua Portuguesa;Colocação dos pronomes átonos;50
15;transpetro-2026-03-projeto-constru-o-e-montagem-edifica-es;Transpetro 2026 — Projeto, Construção e Montagem - Edificações;SUPABASE_ACADEMIC;Conhecimentos Específicos;Conteúdo específico — Projeto, Construção e Montagem - Edificações;50
15;transpetro-2026-03-projeto-constru-o-e-montagem-edifica-es;Transpetro 2026 — Projeto, Construção e Montagem - Edificações;SUPABASE_ACADEMIC;Língua Portuguesa;Compreensão de textos de gêneros variados;50
15;transpetro-2026-03-projeto-constru-o-e-montagem-edifica-es;Transpetro 2026 — Projeto, Construção e Montagem - Edificações;SUPABASE_ACADEMIC;Língua Portuguesa;Ortografia oficial;50
15;transpetro-2026-03-projeto-constru-o-e-montagem-edifica-es;Transpetro 2026 — Projeto, Construção e Montagem - Edificações;SUPABASE_ACADEMIC;Língua Portuguesa;Mecanismos de coesão textual;50
15;transpetro-2026-03-projeto-constru-o-e-montagem-edifica-es;Transpetro 2026 — Projeto, Construção e Montagem - Edificações;SUPABASE_ACADEMIC;Língua Portuguesa;Emprego das classes de palavras;50
15;transpetro-2026-03-projeto-constru-o-e-montagem-edifica-es;Transpetro 2026 — Projeto, Construção e Montagem - Edificações;SUPABASE_ACADEMIC;Língua Portuguesa;Concordância nominal e verbal;50
15;transpetro-2026-03-projeto-constru-o-e-montagem-edifica-es;Transpetro 2026 — Projeto, Construção e Montagem - Edificações;SUPABASE_ACADEMIC;Língua Portuguesa;Emprego do sinal indicativo de crase;50
15;transpetro-2026-03-projeto-constru-o-e-montagem-edifica-es;Transpetro 2026 — Projeto, Construção e Montagem - Edificações;SUPABASE_ACADEMIC;Língua Portuguesa;Sinais de pontuação;50
15;transpetro-2026-03-projeto-constru-o-e-montagem-edifica-es;Transpetro 2026 — Projeto, Construção e Montagem - Edificações;SUPABASE_ACADEMIC;Língua Portuguesa;Significação das palavras;50
15;transpetro-2026-03-projeto-constru-o-e-montagem-edifica-es;Transpetro 2026 — Projeto, Construção e Montagem - Edificações;SUPABASE_ACADEMIC;Matemática;Conjuntos numéricos;50
15;transpetro-2026-03-projeto-constru-o-e-montagem-edifica-es;Transpetro 2026 — Projeto, Construção e Montagem - Edificações;SUPABASE_ACADEMIC;Matemática;Razão e proporção, regra de três e porcentagem;65
15;transpetro-2026-03-projeto-constru-o-e-montagem-edifica-es;Transpetro 2026 — Projeto, Construção e Montagem - Edificações;SUPABASE_ACADEMIC;Matemática;Relações e funções;50
15;transpetro-2026-03-projeto-constru-o-e-montagem-edifica-es;Transpetro 2026 — Projeto, Construção e Montagem - Edificações;SUPABASE_ACADEMIC;Matemática;Equações e sistemas de equações lineares;50
15;transpetro-2026-03-projeto-constru-o-e-montagem-edifica-es;Transpetro 2026 — Projeto, Construção e Montagem - Edificações;SUPABASE_ACADEMIC;Matemática;Análise combinatória;50
15;transpetro-2026-03-projeto-constru-o-e-montagem-edifica-es;Transpetro 2026 — Projeto, Construção e Montagem - Edificações;SUPABASE_ACADEMIC;Matemática;Probabilidade básica;50
30;transpetro-2026-03-projeto-constru-o-e-montagem-mec-nica;Transpetro 2026 — Projeto, Construção e Montagem - Mecânica;SUPABASE_ACADEMIC;Conhecimentos Específicos;Conteúdo específico — Projeto, Construção e Montagem - Mecânica;50
30;transpetro-2026-03-projeto-constru-o-e-montagem-mec-nica;Transpetro 2026 — Projeto, Construção e Montagem - Mecânica;SUPABASE_ACADEMIC;Língua Portuguesa;Compreensão de textos de gêneros variados;50
30;transpetro-2026-03-projeto-constru-o-e-montagem-mec-nica;Transpetro 2026 — Projeto, Construção e Montagem - Mecânica;SUPABASE_ACADEMIC;Língua Portuguesa;Ortografia oficial;50
30;transpetro-2026-03-projeto-constru-o-e-montagem-mec-nica;Transpetro 2026 — Projeto, Construção e Montagem - Mecânica;SUPABASE_ACADEMIC;Língua Portuguesa;Mecanismos de coesão textual;50
30;transpetro-2026-03-projeto-constru-o-e-montagem-mec-nica;Transpetro 2026 — Projeto, Construção e Montagem - Mecânica;SUPABASE_ACADEMIC;Língua Portuguesa;Emprego das classes de palavras;50
30;transpetro-2026-03-projeto-constru-o-e-montagem-mec-nica;Transpetro 2026 — Projeto, Construção e Montagem - Mecânica;SUPABASE_ACADEMIC;Língua Portuguesa;Concordância nominal e verbal;50
30;transpetro-2026-03-projeto-constru-o-e-montagem-mec-nica;Transpetro 2026 — Projeto, Construção e Montagem - Mecânica;SUPABASE_ACADEMIC;Língua Portuguesa;Emprego do sinal indicativo de crase;50
30;transpetro-2026-03-projeto-constru-o-e-montagem-mec-nica;Transpetro 2026 — Projeto, Construção e Montagem - Mecânica;SUPABASE_ACADEMIC;Língua Portuguesa;Sinais de pontuação;50
30;transpetro-2026-03-projeto-constru-o-e-montagem-mec-nica;Transpetro 2026 — Projeto, Construção e Montagem - Mecânica;SUPABASE_ACADEMIC;Língua Portuguesa;Significação das palavras;50
30;transpetro-2026-03-projeto-constru-o-e-montagem-mec-nica;Transpetro 2026 — Projeto, Construção e Montagem - Mecânica;SUPABASE_ACADEMIC;Matemática;Conjuntos numéricos;50
30;transpetro-2026-03-projeto-constru-o-e-montagem-mec-nica;Transpetro 2026 — Projeto, Construção e Montagem - Mecânica;SUPABASE_ACADEMIC;Matemática;Razão e proporção, regra de três e porcentagem;65
30;transpetro-2026-03-projeto-constru-o-e-montagem-mec-nica;Transpetro 2026 — Projeto, Construção e Montagem - Mecânica;SUPABASE_ACADEMIC;Matemática;Relações e funções;50
30;transpetro-2026-03-projeto-constru-o-e-montagem-mec-nica;Transpetro 2026 — Projeto, Construção e Montagem - Mecânica;SUPABASE_ACADEMIC;Matemática;Equações e sistemas de equações lineares;50
30;transpetro-2026-03-projeto-constru-o-e-montagem-mec-nica;Transpetro 2026 — Projeto, Construção e Montagem - Mecânica;SUPABASE_ACADEMIC;Matemática;Análise combinatória;50
30;transpetro-2026-03-projeto-constru-o-e-montagem-mec-nica;Transpetro 2026 — Projeto, Construção e Montagem - Mecânica;SUPABASE_ACADEMIC;Matemática;Probabilidade básica;50
50;transpetro-2026-04-psicologia;Transpetro 2026 — Psicologia;SUPABASE_ACADEMIC;Conhecimentos Específicos;Conteúdo específico — Psicologia;50
50;transpetro-2026-04-psicologia;Transpetro 2026 — Psicologia;SUPABASE_ACADEMIC;Língua Inglesa;Compreensão de texto escrito em língua inglesa;50
50;transpetro-2026-04-psicologia;Transpetro 2026 — Psicologia;SUPABASE_ACADEMIC;Língua Inglesa;Itens gramaticais relevantes para a compreensão dos conteúdos semânticos;50
50;transpetro-2026-04-psicologia;Transpetro 2026 — Psicologia;SUPABASE_ACADEMIC;Língua Portuguesa;Compreensão de textos de gêneros variados;50
50;transpetro-2026-04-psicologia;Transpetro 2026 — Psicologia;SUPABASE_ACADEMIC;Língua Portuguesa;Ortografia oficial;50
50;transpetro-2026-04-psicologia;Transpetro 2026 — Psicologia;SUPABASE_ACADEMIC;Língua Portuguesa;Mecanismos de coesão textual;50
50;transpetro-2026-04-psicologia;Transpetro 2026 — Psicologia;SUPABASE_ACADEMIC;Língua Portuguesa;Emprego das classes de palavras;50
50;transpetro-2026-04-psicologia;Transpetro 2026 — Psicologia;SUPABASE_ACADEMIC;Língua Portuguesa;Concordância nominal e verbal;50
50;transpetro-2026-04-psicologia;Transpetro 2026 — Psicologia;SUPABASE_ACADEMIC;Língua Portuguesa;Emprego do sinal indicativo de crase;50
50;transpetro-2026-04-psicologia;Transpetro 2026 — Psicologia;SUPABASE_ACADEMIC;Língua Portuguesa;Sinais de pontuação;50
50;transpetro-2026-04-psicologia;Transpetro 2026 — Psicologia;SUPABASE_ACADEMIC;Língua Portuguesa;Significação das palavras;50
50;transpetro-2026-04-psicologia;Transpetro 2026 — Psicologia;SUPABASE_ACADEMIC;Língua Portuguesa;Concordância verbal e nominal;50
50;transpetro-2026-04-psicologia;Transpetro 2026 — Psicologia;SUPABASE_ACADEMIC;Língua Portuguesa;Regência verbal e nominal;50
50;transpetro-2026-04-psicologia;Transpetro 2026 — Psicologia;SUPABASE_ACADEMIC;Língua Portuguesa;Emprego do sinal indicativo de crase;50
50;transpetro-2026-04-psicologia;Transpetro 2026 — Psicologia;SUPABASE_ACADEMIC;Língua Portuguesa;Colocação dos pronomes átonos;50
44;transpetro-2026-04-qu-mica;Transpetro 2026 — Química;SUPABASE_ACADEMIC;Conhecimentos Específicos;Conteúdo específico — Química;50
44;transpetro-2026-04-qu-mica;Transpetro 2026 — Química;SUPABASE_ACADEMIC;Língua Inglesa;Compreensão de texto escrito em língua inglesa;50
44;transpetro-2026-04-qu-mica;Transpetro 2026 — Química;SUPABASE_ACADEMIC;Língua Inglesa;Itens gramaticais relevantes para a compreensão dos conteúdos semânticos;50
44;transpetro-2026-04-qu-mica;Transpetro 2026 — Química;SUPABASE_ACADEMIC;Língua Portuguesa;Compreensão de textos de gêneros variados;50
44;transpetro-2026-04-qu-mica;Transpetro 2026 — Química;SUPABASE_ACADEMIC;Língua Portuguesa;Ortografia oficial;50
44;transpetro-2026-04-qu-mica;Transpetro 2026 — Química;SUPABASE_ACADEMIC;Língua Portuguesa;Mecanismos de coesão textual;50
44;transpetro-2026-04-qu-mica;Transpetro 2026 — Química;SUPABASE_ACADEMIC;Língua Portuguesa;Emprego das classes de palavras;50
44;transpetro-2026-04-qu-mica;Transpetro 2026 — Química;SUPABASE_ACADEMIC;Língua Portuguesa;Concordância nominal e verbal;50
44;transpetro-2026-04-qu-mica;Transpetro 2026 — Química;SUPABASE_ACADEMIC;Língua Portuguesa;Emprego do sinal indicativo de crase;50
44;transpetro-2026-04-qu-mica;Transpetro 2026 — Química;SUPABASE_ACADEMIC;Língua Portuguesa;Sinais de pontuação;50
44;transpetro-2026-04-qu-mica;Transpetro 2026 — Química;SUPABASE_ACADEMIC;Língua Portuguesa;Significação das palavras;50
44;transpetro-2026-04-qu-mica;Transpetro 2026 — Química;SUPABASE_ACADEMIC;Língua Portuguesa;Concordância verbal e nominal;50
44;transpetro-2026-04-qu-mica;Transpetro 2026 — Química;SUPABASE_ACADEMIC;Língua Portuguesa;Regência verbal e nominal;50
44;transpetro-2026-04-qu-mica;Transpetro 2026 — Química;SUPABASE_ACADEMIC;Língua Portuguesa;Emprego do sinal indicativo de crase;50
44;transpetro-2026-04-qu-mica;Transpetro 2026 — Química;SUPABASE_ACADEMIC;Língua Portuguesa;Colocação dos pronomes átonos;50
12;transpetro-2026-03-qu-mica-do-petr-leo;Transpetro 2026 — Química do Petróleo;SUPABASE_ACADEMIC;Conhecimentos Específicos;Conteúdo específico — Química do Petróleo;50
12;transpetro-2026-03-qu-mica-do-petr-leo;Transpetro 2026 — Química do Petróleo;SUPABASE_ACADEMIC;Língua Portuguesa;Compreensão de textos de gêneros variados;50
12;transpetro-2026-03-qu-mica-do-petr-leo;Transpetro 2026 — Química do Petróleo;SUPABASE_ACADEMIC;Língua Portuguesa;Ortografia oficial;50
12;transpetro-2026-03-qu-mica-do-petr-leo;Transpetro 2026 — Química do Petróleo;SUPABASE_ACADEMIC;Língua Portuguesa;Mecanismos de coesão textual;50
12;transpetro-2026-03-qu-mica-do-petr-leo;Transpetro 2026 — Química do Petróleo;SUPABASE_ACADEMIC;Língua Portuguesa;Emprego das classes de palavras;50
12;transpetro-2026-03-qu-mica-do-petr-leo;Transpetro 2026 — Química do Petróleo;SUPABASE_ACADEMIC;Língua Portuguesa;Concordância nominal e verbal;50
12;transpetro-2026-03-qu-mica-do-petr-leo;Transpetro 2026 — Química do Petróleo;SUPABASE_ACADEMIC;Língua Portuguesa;Emprego do sinal indicativo de crase;50
12;transpetro-2026-03-qu-mica-do-petr-leo;Transpetro 2026 — Química do Petróleo;SUPABASE_ACADEMIC;Língua Portuguesa;Sinais de pontuação;50
12;transpetro-2026-03-qu-mica-do-petr-leo;Transpetro 2026 — Química do Petróleo;SUPABASE_ACADEMIC;Língua Portuguesa;Significação das palavras;50
12;transpetro-2026-03-qu-mica-do-petr-leo;Transpetro 2026 — Química do Petróleo;SUPABASE_ACADEMIC;Matemática;Conjuntos numéricos;50
12;transpetro-2026-03-qu-mica-do-petr-leo;Transpetro 2026 — Química do Petróleo;SUPABASE_ACADEMIC;Matemática;Razão e proporção, regra de três e porcentagem;65
12;transpetro-2026-03-qu-mica-do-petr-leo;Transpetro 2026 — Química do Petróleo;SUPABASE_ACADEMIC;Matemática;Relações e funções;50
12;transpetro-2026-03-qu-mica-do-petr-leo;Transpetro 2026 — Química do Petróleo;SUPABASE_ACADEMIC;Matemática;Equações e sistemas de equações lineares;50
12;transpetro-2026-03-qu-mica-do-petr-leo;Transpetro 2026 — Química do Petróleo;SUPABASE_ACADEMIC;Matemática;Análise combinatória;50
12;transpetro-2026-03-qu-mica-do-petr-leo;Transpetro 2026 — Química do Petróleo;SUPABASE_ACADEMIC;Matemática;Probabilidade básica;50
31;transpetro-2026-02-segundo-oficial-de-m-quinas-2om-;Transpetro 2026 — Segundo Oficial de Máquinas (2OM);SUPABASE_ACADEMIC;Conhecimentos Específicos;Conteúdo específico — Segundo Oficial de Máquinas (2OM);50
31;transpetro-2026-02-segundo-oficial-de-m-quinas-2om-;Transpetro 2026 — Segundo Oficial de Máquinas (2OM);SUPABASE_ACADEMIC;Língua Inglesa;Compreensão de texto escrito em língua inglesa;50
31;transpetro-2026-02-segundo-oficial-de-m-quinas-2om-;Transpetro 2026 — Segundo Oficial de Máquinas (2OM);SUPABASE_ACADEMIC;Língua Inglesa;Itens gramaticais relevantes para a compreensão dos conteúdos semânticos;50
31;transpetro-2026-02-segundo-oficial-de-m-quinas-2om-;Transpetro 2026 — Segundo Oficial de Máquinas (2OM);SUPABASE_ACADEMIC;Língua Portuguesa;Compreensão de textos de gêneros variados;50
31;transpetro-2026-02-segundo-oficial-de-m-quinas-2om-;Transpetro 2026 — Segundo Oficial de Máquinas (2OM);SUPABASE_ACADEMIC;Língua Portuguesa;Ortografia oficial;50
31;transpetro-2026-02-segundo-oficial-de-m-quinas-2om-;Transpetro 2026 — Segundo Oficial de Máquinas (2OM);SUPABASE_ACADEMIC;Língua Portuguesa;Mecanismos de coesão textual;50
31;transpetro-2026-02-segundo-oficial-de-m-quinas-2om-;Transpetro 2026 — Segundo Oficial de Máquinas (2OM);SUPABASE_ACADEMIC;Língua Portuguesa;Emprego das classes de palavras;50
31;transpetro-2026-02-segundo-oficial-de-m-quinas-2om-;Transpetro 2026 — Segundo Oficial de Máquinas (2OM);SUPABASE_ACADEMIC;Língua Portuguesa;Concordância nominal e verbal;50
31;transpetro-2026-02-segundo-oficial-de-m-quinas-2om-;Transpetro 2026 — Segundo Oficial de Máquinas (2OM);SUPABASE_ACADEMIC;Língua Portuguesa;Emprego do sinal indicativo de crase;50
31;transpetro-2026-02-segundo-oficial-de-m-quinas-2om-;Transpetro 2026 — Segundo Oficial de Máquinas (2OM);SUPABASE_ACADEMIC;Língua Portuguesa;Sinais de pontuação;50
31;transpetro-2026-02-segundo-oficial-de-m-quinas-2om-;Transpetro 2026 — Segundo Oficial de Máquinas (2OM);SUPABASE_ACADEMIC;Língua Portuguesa;Significação das palavras;50
31;transpetro-2026-02-segundo-oficial-de-m-quinas-2om-;Transpetro 2026 — Segundo Oficial de Máquinas (2OM);SUPABASE_ACADEMIC;Língua Portuguesa;Concordância verbal e nominal;50
31;transpetro-2026-02-segundo-oficial-de-m-quinas-2om-;Transpetro 2026 — Segundo Oficial de Máquinas (2OM);SUPABASE_ACADEMIC;Língua Portuguesa;Regência verbal e nominal;50
31;transpetro-2026-02-segundo-oficial-de-m-quinas-2om-;Transpetro 2026 — Segundo Oficial de Máquinas (2OM);SUPABASE_ACADEMIC;Língua Portuguesa;Emprego do sinal indicativo de crase;50
31;transpetro-2026-02-segundo-oficial-de-m-quinas-2om-;Transpetro 2026 — Segundo Oficial de Máquinas (2OM);SUPABASE_ACADEMIC;Língua Portuguesa;Colocação dos pronomes átonos;50
13;transpetro-2026-02-segundo-oficial-de-n-utica-2on-;Transpetro 2026 — Segundo Oficial de Náutica (2ON);SUPABASE_ACADEMIC;Conhecimentos Específicos;Conteúdo específico — Segundo Oficial de Náutica (2ON);50
13;transpetro-2026-02-segundo-oficial-de-n-utica-2on-;Transpetro 2026 — Segundo Oficial de Náutica (2ON);SUPABASE_ACADEMIC;Língua Inglesa;Compreensão de texto escrito em língua inglesa;50
13;transpetro-2026-02-segundo-oficial-de-n-utica-2on-;Transpetro 2026 — Segundo Oficial de Náutica (2ON);SUPABASE_ACADEMIC;Língua Inglesa;Itens gramaticais relevantes para a compreensão dos conteúdos semânticos;50
13;transpetro-2026-02-segundo-oficial-de-n-utica-2on-;Transpetro 2026 — Segundo Oficial de Náutica (2ON);SUPABASE_ACADEMIC;Língua Portuguesa;Compreensão de textos de gêneros variados;50
13;transpetro-2026-02-segundo-oficial-de-n-utica-2on-;Transpetro 2026 — Segundo Oficial de Náutica (2ON);SUPABASE_ACADEMIC;Língua Portuguesa;Ortografia oficial;50
13;transpetro-2026-02-segundo-oficial-de-n-utica-2on-;Transpetro 2026 — Segundo Oficial de Náutica (2ON);SUPABASE_ACADEMIC;Língua Portuguesa;Mecanismos de coesão textual;50
13;transpetro-2026-02-segundo-oficial-de-n-utica-2on-;Transpetro 2026 — Segundo Oficial de Náutica (2ON);SUPABASE_ACADEMIC;Língua Portuguesa;Emprego das classes de palavras;50
13;transpetro-2026-02-segundo-oficial-de-n-utica-2on-;Transpetro 2026 — Segundo Oficial de Náutica (2ON);SUPABASE_ACADEMIC;Língua Portuguesa;Concordância nominal e verbal;50
13;transpetro-2026-02-segundo-oficial-de-n-utica-2on-;Transpetro 2026 — Segundo Oficial de Náutica (2ON);SUPABASE_ACADEMIC;Língua Portuguesa;Emprego do sinal indicativo de crase;50
13;transpetro-2026-02-segundo-oficial-de-n-utica-2on-;Transpetro 2026 — Segundo Oficial de Náutica (2ON);SUPABASE_ACADEMIC;Língua Portuguesa;Sinais de pontuação;50
13;transpetro-2026-02-segundo-oficial-de-n-utica-2on-;Transpetro 2026 — Segundo Oficial de Náutica (2ON);SUPABASE_ACADEMIC;Língua Portuguesa;Significação das palavras;50
13;transpetro-2026-02-segundo-oficial-de-n-utica-2on-;Transpetro 2026 — Segundo Oficial de Náutica (2ON);SUPABASE_ACADEMIC;Língua Portuguesa;Concordância verbal e nominal;50
13;transpetro-2026-02-segundo-oficial-de-n-utica-2on-;Transpetro 2026 — Segundo Oficial de Náutica (2ON);SUPABASE_ACADEMIC;Língua Portuguesa;Regência verbal e nominal;50
13;transpetro-2026-02-segundo-oficial-de-n-utica-2on-;Transpetro 2026 — Segundo Oficial de Náutica (2ON);SUPABASE_ACADEMIC;Língua Portuguesa;Emprego do sinal indicativo de crase;50
13;transpetro-2026-02-segundo-oficial-de-n-utica-2on-;Transpetro 2026 — Segundo Oficial de Náutica (2ON);SUPABASE_ACADEMIC;Língua Portuguesa;Colocação dos pronomes átonos;50
10;transpetro-2026-03-seguran-a;Transpetro 2026 — Segurança;SUPABASE_ACADEMIC;Conhecimentos Específicos;Conteúdo específico — Segurança;50
10;transpetro-2026-03-seguran-a;Transpetro 2026 — Segurança;SUPABASE_ACADEMIC;Língua Portuguesa;Compreensão de textos de gêneros variados;50
10;transpetro-2026-03-seguran-a;Transpetro 2026 — Segurança;SUPABASE_ACADEMIC;Língua Portuguesa;Ortografia oficial;50
10;transpetro-2026-03-seguran-a;Transpetro 2026 — Segurança;SUPABASE_ACADEMIC;Língua Portuguesa;Mecanismos de coesão textual;50
10;transpetro-2026-03-seguran-a;Transpetro 2026 — Segurança;SUPABASE_ACADEMIC;Língua Portuguesa;Emprego das classes de palavras;50
10;transpetro-2026-03-seguran-a;Transpetro 2026 — Segurança;SUPABASE_ACADEMIC;Língua Portuguesa;Concordância nominal e verbal;50
10;transpetro-2026-03-seguran-a;Transpetro 2026 — Segurança;SUPABASE_ACADEMIC;Língua Portuguesa;Emprego do sinal indicativo de crase;50
10;transpetro-2026-03-seguran-a;Transpetro 2026 — Segurança;SUPABASE_ACADEMIC;Língua Portuguesa;Sinais de pontuação;50
10;transpetro-2026-03-seguran-a;Transpetro 2026 — Segurança;SUPABASE_ACADEMIC;Língua Portuguesa;Significação das palavras;50
10;transpetro-2026-03-seguran-a;Transpetro 2026 — Segurança;SUPABASE_ACADEMIC;Matemática;Conjuntos numéricos;50
10;transpetro-2026-03-seguran-a;Transpetro 2026 — Segurança;SUPABASE_ACADEMIC;Matemática;Razão e proporção, regra de três e porcentagem;65
10;transpetro-2026-03-seguran-a;Transpetro 2026 — Segurança;SUPABASE_ACADEMIC;Matemática;Relações e funções;50
10;transpetro-2026-03-seguran-a;Transpetro 2026 — Segurança;SUPABASE_ACADEMIC;Matemática;Equações e sistemas de equações lineares;50
10;transpetro-2026-03-seguran-a;Transpetro 2026 — Segurança;SUPABASE_ACADEMIC;Matemática;Análise combinatória;50
10;transpetro-2026-03-seguran-a;Transpetro 2026 — Segurança;SUPABASE_ACADEMIC;Matemática;Probabilidade básica;50
59;transpetro-2026-04-servi-o-social;Transpetro 2026 — Serviço Social;SUPABASE_ACADEMIC;Conhecimentos Específicos;Conteúdo específico — Serviço Social;50
59;transpetro-2026-04-servi-o-social;Transpetro 2026 — Serviço Social;SUPABASE_ACADEMIC;Língua Inglesa;Compreensão de texto escrito em língua inglesa;50
59;transpetro-2026-04-servi-o-social;Transpetro 2026 — Serviço Social;SUPABASE_ACADEMIC;Língua Inglesa;Itens gramaticais relevantes para a compreensão dos conteúdos semânticos;50
59;transpetro-2026-04-servi-o-social;Transpetro 2026 — Serviço Social;SUPABASE_ACADEMIC;Língua Portuguesa;Compreensão de textos de gêneros variados;50
59;transpetro-2026-04-servi-o-social;Transpetro 2026 — Serviço Social;SUPABASE_ACADEMIC;Língua Portuguesa;Ortografia oficial;50
59;transpetro-2026-04-servi-o-social;Transpetro 2026 — Serviço Social;SUPABASE_ACADEMIC;Língua Portuguesa;Mecanismos de coesão textual;50
59;transpetro-2026-04-servi-o-social;Transpetro 2026 — Serviço Social;SUPABASE_ACADEMIC;Língua Portuguesa;Emprego das classes de palavras;50
59;transpetro-2026-04-servi-o-social;Transpetro 2026 — Serviço Social;SUPABASE_ACADEMIC;Língua Portuguesa;Concordância nominal e verbal;50
59;transpetro-2026-04-servi-o-social;Transpetro 2026 — Serviço Social;SUPABASE_ACADEMIC;Língua Portuguesa;Emprego do sinal indicativo de crase;50
59;transpetro-2026-04-servi-o-social;Transpetro 2026 — Serviço Social;SUPABASE_ACADEMIC;Língua Portuguesa;Sinais de pontuação;50
59;transpetro-2026-04-servi-o-social;Transpetro 2026 — Serviço Social;SUPABASE_ACADEMIC;Língua Portuguesa;Significação das palavras;50
59;transpetro-2026-04-servi-o-social;Transpetro 2026 — Serviço Social;SUPABASE_ACADEMIC;Língua Portuguesa;Concordância verbal e nominal;50
59;transpetro-2026-04-servi-o-social;Transpetro 2026 — Serviço Social;SUPABASE_ACADEMIC;Língua Portuguesa;Regência verbal e nominal;50
59;transpetro-2026-04-servi-o-social;Transpetro 2026 — Serviço Social;SUPABASE_ACADEMIC;Língua Portuguesa;Emprego do sinal indicativo de crase;50
59;transpetro-2026-04-servi-o-social;Transpetro 2026 — Serviço Social;SUPABASE_ACADEMIC;Língua Portuguesa;Colocação dos pronomes átonos;50
29;transpetro-2026-03-suprimento-de-bens-e-servi-os;Transpetro 2026 — Suprimento de Bens e Serviços;SUPABASE_ACADEMIC;Conhecimentos Específicos;Conteúdo específico — Suprimento de Bens e Serviços;50
29;transpetro-2026-03-suprimento-de-bens-e-servi-os;Transpetro 2026 — Suprimento de Bens e Serviços;SUPABASE_ACADEMIC;Língua Portuguesa;Compreensão de textos de gêneros variados;50
29;transpetro-2026-03-suprimento-de-bens-e-servi-os;Transpetro 2026 — Suprimento de Bens e Serviços;SUPABASE_ACADEMIC;Língua Portuguesa;Ortografia oficial;50
29;transpetro-2026-03-suprimento-de-bens-e-servi-os;Transpetro 2026 — Suprimento de Bens e Serviços;SUPABASE_ACADEMIC;Língua Portuguesa;Mecanismos de coesão textual;50
29;transpetro-2026-03-suprimento-de-bens-e-servi-os;Transpetro 2026 — Suprimento de Bens e Serviços;SUPABASE_ACADEMIC;Língua Portuguesa;Emprego das classes de palavras;50
29;transpetro-2026-03-suprimento-de-bens-e-servi-os;Transpetro 2026 — Suprimento de Bens e Serviços;SUPABASE_ACADEMIC;Língua Portuguesa;Concordância nominal e verbal;50
29;transpetro-2026-03-suprimento-de-bens-e-servi-os;Transpetro 2026 — Suprimento de Bens e Serviços;SUPABASE_ACADEMIC;Língua Portuguesa;Emprego do sinal indicativo de crase;50
29;transpetro-2026-03-suprimento-de-bens-e-servi-os;Transpetro 2026 — Suprimento de Bens e Serviços;SUPABASE_ACADEMIC;Língua Portuguesa;Sinais de pontuação;50
29;transpetro-2026-03-suprimento-de-bens-e-servi-os;Transpetro 2026 — Suprimento de Bens e Serviços;SUPABASE_ACADEMIC;Língua Portuguesa;Significação das palavras;50
29;transpetro-2026-03-suprimento-de-bens-e-servi-os;Transpetro 2026 — Suprimento de Bens e Serviços;SUPABASE_ACADEMIC;Matemática;Conjuntos numéricos;50
29;transpetro-2026-03-suprimento-de-bens-e-servi-os;Transpetro 2026 — Suprimento de Bens e Serviços;SUPABASE_ACADEMIC;Matemática;Razão e proporção, regra de três e porcentagem;65
29;transpetro-2026-03-suprimento-de-bens-e-servi-os;Transpetro 2026 — Suprimento de Bens e Serviços;SUPABASE_ACADEMIC;Matemática;Relações e funções;50
29;transpetro-2026-03-suprimento-de-bens-e-servi-os;Transpetro 2026 — Suprimento de Bens e Serviços;SUPABASE_ACADEMIC;Matemática;Equações e sistemas de equações lineares;50
29;transpetro-2026-03-suprimento-de-bens-e-servi-os;Transpetro 2026 — Suprimento de Bens e Serviços;SUPABASE_ACADEMIC;Matemática;Análise combinatória;50
29;transpetro-2026-03-suprimento-de-bens-e-servi-os;Transpetro 2026 — Suprimento de Bens e Serviços;SUPABASE_ACADEMIC;Matemática;Probabilidade básica;50
20;transpetro-2026-01-taifeiro-taa-;Transpetro 2026 — Taifeiro (TAA);SUPABASE_ACADEMIC;Conhecimentos Específicos;Conteúdo específico — Taifeiro (TAA);50
20;transpetro-2026-01-taifeiro-taa-;Transpetro 2026 — Taifeiro (TAA);SUPABASE_ACADEMIC;Língua Portuguesa;Compreensão de textos de gêneros variados;50
20;transpetro-2026-01-taifeiro-taa-;Transpetro 2026 — Taifeiro (TAA);SUPABASE_ACADEMIC;Língua Portuguesa;Ortografia oficial;50
20;transpetro-2026-01-taifeiro-taa-;Transpetro 2026 — Taifeiro (TAA);SUPABASE_ACADEMIC;Língua Portuguesa;Mecanismos de coesão textual;50
20;transpetro-2026-01-taifeiro-taa-;Transpetro 2026 — Taifeiro (TAA);SUPABASE_ACADEMIC;Língua Portuguesa;Emprego das classes de palavras;50
20;transpetro-2026-01-taifeiro-taa-;Transpetro 2026 — Taifeiro (TAA);SUPABASE_ACADEMIC;Língua Portuguesa;Concordância nominal e verbal;50
20;transpetro-2026-01-taifeiro-taa-;Transpetro 2026 — Taifeiro (TAA);SUPABASE_ACADEMIC;Língua Portuguesa;Emprego do sinal indicativo de crase;50
20;transpetro-2026-01-taifeiro-taa-;Transpetro 2026 — Taifeiro (TAA);SUPABASE_ACADEMIC;Língua Portuguesa;Sinais de pontuação;50
20;transpetro-2026-01-taifeiro-taa-;Transpetro 2026 — Taifeiro (TAA);SUPABASE_ACADEMIC;Língua Portuguesa;Significação das palavras;50
1;ace-marica;ACE Maricá;LEGACY_JS_JSON;Alimentação e Saúde;Alimentação saudável;50
1;ace-marica;ACE Maricá;LEGACY_JS_JSON;Conhecimentos Específicos;Aedes aegypti;6
1;ace-marica;ACE Maricá;LEGACY_JS_JSON;Conhecimentos Específicos;Arboviroses;1
1;ace-marica;ACE Maricá;LEGACY_JS_JSON;Conhecimentos Específicos;Atenção Básica;1
1;ace-marica;ACE Maricá;LEGACY_JS_JSON;Conhecimentos Específicos;Atribuições do ACE;50
1;ace-marica;ACE Maricá;LEGACY_JS_JSON;Conhecimentos Específicos;Controle de vetores;3
1;ace-marica;ACE Maricá;LEGACY_JS_JSON;Conhecimentos Específicos;Dengue;3
1;ace-marica;ACE Maricá;LEGACY_JS_JSON;Conhecimentos Específicos;Educação em Saúde;1
1;ace-marica;ACE Maricá;LEGACY_JS_JSON;Conhecimentos Específicos;Ética e atuação profissional;1
1;ace-marica;ACE Maricá;LEGACY_JS_JSON;Conhecimentos Específicos;Lei 11.350/2006;56
1;ace-marica;ACE Maricá;LEGACY_JS_JSON;Conhecimentos Específicos;Lei 8.142/1990;3
1;ace-marica;ACE Maricá;LEGACY_JS_JSON;Conhecimentos Específicos;Promoção da Saúde;1
1;ace-marica;ACE Maricá;LEGACY_JS_JSON;Conhecimentos Específicos;Saneamento;1
1;ace-marica;ACE Maricá;LEGACY_JS_JSON;Conhecimentos Específicos;Saúde Pública;1
1;ace-marica;ACE Maricá;LEGACY_JS_JSON;Conhecimentos Específicos;SUS;1
1;ace-marica;ACE Maricá;LEGACY_JS_JSON;Conhecimentos Específicos;Trabalho do ACE;1
1;ace-marica;ACE Maricá;LEGACY_JS_JSON;Conhecimentos Específicos;Vigilância em Saúde;6
1;ace-marica;ACE Maricá;LEGACY_JS_JSON;COVID-19;Ações educativas;50
1;ace-marica;ACE Maricá;LEGACY_JS_JSON;Dengue;Aedes aegypti;50
1;ace-marica;ACE Maricá;LEGACY_JS_JSON;Dengue;Notificação;50
1;ace-marica;ACE Maricá;LEGACY_JS_JSON;Doenças Crônicas;Hipertensão;50
1;ace-marica;ACE Maricá;LEGACY_JS_JSON;Educação em Saúde;Estratégias educativas;50
1;ace-marica;ACE Maricá;LEGACY_JS_JSON;Epidemiologia;Vigilância;50
1;ace-marica;ACE Maricá;LEGACY_JS_JSON;PNAB;Atenção Básica;50
1;ace-marica;ACE Maricá;LEGACY_JS_JSON;Promoção da Saúde;Prevenção;50
1;ace-marica;ACE Maricá;LEGACY_JS_JSON;Saneamento Básico;Saúde ambiental;50
1;ace-marica;ACE Maricá;LEGACY_JS_JSON;Saúde da Mulher;Prevenção;50
1;ace-marica;ACE Maricá;LEGACY_JS_JSON;SUS;Conselhos e Conferências;50
1;ace-marica;ACE Maricá;LEGACY_JS_JSON;SUS;Constituição Federal;50
1;ace-marica;ACE Maricá;LEGACY_JS_JSON;SUS;Lei 8.142/90;50
1;ace-marica;ACE Maricá;LEGACY_JS_JSON;Vacinação;Caderneta;50
1;ace-marica;ACE Maricá;LEGACY_JS_JSON;Vacinação;PNI;50
1;ace-marica;ACE Maricá;LEGACY_JS_JSON;Visita Domiciliar;Ética e vínculo;50
1;ace-marica;ACE Maricá;LEGACY_JS_JSON;Visita Domiciliar;Planejamento;50
3;inspetor-eletrica;Inspetor de Elétrica;LEGACY_JS_JSON;Básicos;Física;2
3;inspetor-eletrica;Inspetor de Elétrica;LEGACY_JS_JSON;Básicos;Inglês técnico;2
3;inspetor-eletrica;Inspetor de Elétrica;LEGACY_JS_JSON;Básicos;Lógica;1
3;inspetor-eletrica;Inspetor de Elétrica;LEGACY_JS_JSON;Básicos;Matemática;3
3;inspetor-eletrica;Inspetor de Elétrica;LEGACY_JS_JSON;Básicos;Português;2
3;inspetor-eletrica;Inspetor de Elétrica;LEGACY_JS_JSON;Desenho técnico;As built;2
3;inspetor-eletrica;Inspetor de Elétrica;LEGACY_JS_JSON;Desenho técnico;Desenho técnico;2
3;inspetor-eletrica;Inspetor de Elétrica;LEGACY_JS_JSON;Desenho técnico;Diagrama de comando;2
3;inspetor-eletrica;Inspetor de Elétrica;LEGACY_JS_JSON;Desenho técnico;Identificação;1
3;inspetor-eletrica;Inspetor de Elétrica;LEGACY_JS_JSON;Desenho técnico;Legenda;2
3;inspetor-eletrica;Inspetor de Elétrica;LEGACY_JS_JSON;Desenho técnico;Multifilar;2
3;inspetor-eletrica;Inspetor de Elétrica;LEGACY_JS_JSON;Desenho técnico;Unifilar;2
3;inspetor-eletrica;Inspetor de Elétrica;LEGACY_JS_JSON;Elétrica;Desenho técnico;4
3;inspetor-eletrica;Inspetor de Elétrica;LEGACY_JS_JSON;Elétrica;Eletrotécnica;15
3;inspetor-eletrica;Inspetor de Elétrica;LEGACY_JS_JSON;Elétrica;Máquinas e dispositivos BT;11
3;inspetor-eletrica;Inspetor de Elétrica;LEGACY_JS_JSON;Elétrica;Medições elétricas;7
3;inspetor-eletrica;Inspetor de Elétrica;LEGACY_JS_JSON;Eletrotécnica;Associação de resistores;44
3;inspetor-eletrica;Inspetor de Elétrica;LEGACY_JS_JSON;Eletrotécnica;Corrente alternada;13
3;inspetor-eletrica;Inspetor de Elétrica;LEGACY_JS_JSON;Eletrotécnica;Eletrotécnica;4
3;inspetor-eletrica;Inspetor de Elétrica;LEGACY_JS_JSON;Eletrotécnica;Fator de potência;1
3;inspetor-eletrica;Inspetor de Elétrica;LEGACY_JS_JSON;Eletrotécnica;Lei de Ohm;26
3;inspetor-eletrica;Inspetor de Elétrica;LEGACY_JS_JSON;Eletrotécnica;Potência aparente;1
3;inspetor-eletrica;Inspetor de Elétrica;LEGACY_JS_JSON;Eletrotécnica;Potência ativa;1
3;inspetor-eletrica;Inspetor de Elétrica;LEGACY_JS_JSON;Eletrotécnica;Potência elétrica;25
3;inspetor-eletrica;Inspetor de Elétrica;LEGACY_JS_JSON;Eletrotécnica;Potência reativa;1
3;inspetor-eletrica;Inspetor de Elétrica;LEGACY_JS_JSON;Eletrotécnica;Reatância capacitiva;2
3;inspetor-eletrica;Inspetor de Elétrica;LEGACY_JS_JSON;Eletrotécnica;Reatância indutiva;2
3;inspetor-eletrica;Inspetor de Elétrica;LEGACY_JS_JSON;Eletrotécnica;Sistema trifásico;1
3;inspetor-eletrica;Inspetor de Elétrica;LEGACY_JS_JSON;Física;Aceleração;1
3;inspetor-eletrica;Inspetor de Elétrica;LEGACY_JS_JSON;Física;Cargas em movimento;1
3;inspetor-eletrica;Inspetor de Elétrica;LEGACY_JS_JSON;Física;eletromagnetismo;1
3;inspetor-eletrica;Inspetor de Elétrica;LEGACY_JS_JSON;Física;Eletromagnetismo;4
3;inspetor-eletrica;Inspetor de Elétrica;LEGACY_JS_JSON;Física;Eletrostática;3
3;inspetor-eletrica;Inspetor de Elétrica;LEGACY_JS_JSON;Física;Energia;1
3;inspetor-eletrica;Inspetor de Elétrica;LEGACY_JS_JSON;Física;Energia mecânica;20
3;inspetor-eletrica;Inspetor de Elétrica;LEGACY_JS_JSON;Física;Equilíbrio;2
3;inspetor-eletrica;Inspetor de Elétrica;LEGACY_JS_JSON;Física;hidrostática;2
3;inspetor-eletrica;Inspetor de Elétrica;LEGACY_JS_JSON;Física;Hidrostática;2
3;inspetor-eletrica;Inspetor de Elétrica;LEGACY_JS_JSON;Física;Leis de Newton;23
3;inspetor-eletrica;Inspetor de Elétrica;LEGACY_JS_JSON;Física;Mecânica;23
3;inspetor-eletrica;Inspetor de Elétrica;LEGACY_JS_JSON;Física;momento de uma força;1
3;inspetor-eletrica;Inspetor de Elétrica;LEGACY_JS_JSON;Física;Newton;1
3;inspetor-eletrica;Inspetor de Elétrica;LEGACY_JS_JSON;Física;Pressão;1
3;inspetor-eletrica;Inspetor de Elétrica;LEGACY_JS_JSON;Física;primeira lei de Newton;1
3;inspetor-eletrica;Inspetor de Elétrica;LEGACY_JS_JSON;Física;processo térmico;1
3;inspetor-eletrica;Inspetor de Elétrica;LEGACY_JS_JSON;Física;Processos térmicos;2
3;inspetor-eletrica;Inspetor de Elétrica;LEGACY_JS_JSON;Física;Radiação;1
3;inspetor-eletrica;Inspetor de Elétrica;LEGACY_JS_JSON;Física;Radiações eletromagnéticas;1
3;inspetor-eletrica;Inspetor de Elétrica;LEGACY_JS_JSON;Física;Térmica;1
3;inspetor-eletrica;Inspetor de Elétrica;LEGACY_JS_JSON;Física;Velocidade;1
3;inspetor-eletrica;Inspetor de Elétrica;LEGACY_JS_JSON;Inspeção de Qualidade;Inspeção de Qualidade;2
3;inspetor-eletrica;Inspetor de Elétrica;LEGACY_JS_JSON;Inspeção elétrica;Controle de qualidade;5
3;inspetor-eletrica;Inspetor de Elétrica;LEGACY_JS_JSON;Inspeção elétrica;Ensaio;1
3;inspetor-eletrica;Inspetor de Elétrica;LEGACY_JS_JSON;Inspeção elétrica;Ensaios;8
3;inspetor-eletrica;Inspetor de Elétrica;LEGACY_JS_JSON;Inspeção elétrica;Inspeção;4
3;inspetor-eletrica;Inspetor de Elétrica;LEGACY_JS_JSON;Inspeção elétrica;Liberação;5
3;inspetor-eletrica;Inspetor de Elétrica;LEGACY_JS_JSON;Inspeção elétrica;Montagem;1
3;inspetor-eletrica;Inspetor de Elétrica;LEGACY_JS_JSON;Inspeção elétrica;Não conformidade;5
3;inspetor-eletrica;Inspetor de Elétrica;LEGACY_JS_JSON;Inspeção elétrica;Preservação;5
3;inspetor-eletrica;Inspetor de Elétrica;LEGACY_JS_JSON;Inspeção elétrica;Recebimento;5
3;inspetor-eletrica;Inspetor de Elétrica;LEGACY_JS_JSON;Inspeção elétrica;Recebimento e montagem;4
3;inspetor-eletrica;Inspetor de Elétrica;LEGACY_JS_JSON;ISO 9001;ISO 9001;1
3;inspetor-eletrica;Inspetor de Elétrica;LEGACY_JS_JSON;ISO 9001;Sistema da qualidade;5
3;inspetor-eletrica;Inspetor de Elétrica;LEGACY_JS_JSON;Máquinas e dispositivos BT;Contator;2
3;inspetor-eletrica;Inspetor de Elétrica;LEGACY_JS_JSON;Máquinas e dispositivos BT;Disjuntor;1
3;inspetor-eletrica;Inspetor de Elétrica;LEGACY_JS_JSON;Máquinas e dispositivos BT;Disjuntor termomagnético;1
3;inspetor-eletrica;Inspetor de Elétrica;LEGACY_JS_JSON;Máquinas e dispositivos BT;DR;2
3;inspetor-eletrica;Inspetor de Elétrica;LEGACY_JS_JSON;Máquinas e dispositivos BT;Inversor de frequência;2
3;inspetor-eletrica;Inspetor de Elétrica;LEGACY_JS_JSON;Máquinas e dispositivos BT;Máquinas e dispositivos BT;3
3;inspetor-eletrica;Inspetor de Elétrica;LEGACY_JS_JSON;Máquinas e dispositivos BT;Motor de indução;3
3;inspetor-eletrica;Inspetor de Elétrica;LEGACY_JS_JSON;Máquinas e dispositivos BT;Relé de sobrecarga;1
3;inspetor-eletrica;Inspetor de Elétrica;LEGACY_JS_JSON;Máquinas e dispositivos BT;Soft starter;2
3;inspetor-eletrica;Inspetor de Elétrica;LEGACY_JS_JSON;Máquinas e dispositivos BT;Transformador;2
3;inspetor-eletrica;Inspetor de Elétrica;LEGACY_JS_JSON;Matemática;Conjuntos;10
3;inspetor-eletrica;Inspetor de Elétrica;LEGACY_JS_JSON;Matemática;Função afim;1
3;inspetor-eletrica;Inspetor de Elétrica;LEGACY_JS_JSON;Matemática;Função quadrática;1
3;inspetor-eletrica;Inspetor de Elétrica;LEGACY_JS_JSON;Matemática;Funções;32
3;inspetor-eletrica;Inspetor de Elétrica;LEGACY_JS_JSON;Matemática;Geometria analítica;6
3;inspetor-eletrica;Inspetor de Elétrica;LEGACY_JS_JSON;Matemática;Geometria espacial;2
3;inspetor-eletrica;Inspetor de Elétrica;LEGACY_JS_JSON;Matemática;Geometria plana;11
3;inspetor-eletrica;Inspetor de Elétrica;LEGACY_JS_JSON;Matemática;Média;1
3;inspetor-eletrica;Inspetor de Elétrica;LEGACY_JS_JSON;Matemática;Médias;1
3;inspetor-eletrica;Inspetor de Elétrica;LEGACY_JS_JSON;Matemática;Porcentagem;43
3;inspetor-eletrica;Inspetor de Elétrica;LEGACY_JS_JSON;Matemática;Proporcionalidade;1
3;inspetor-eletrica;Inspetor de Elétrica;LEGACY_JS_JSON;Matemática;Regra de três;22
3;inspetor-eletrica;Inspetor de Elétrica;LEGACY_JS_JSON;Matemática;Sistema linear;1
3;inspetor-eletrica;Inspetor de Elétrica;LEGACY_JS_JSON;Matemática;Sistemas lineares;1
3;inspetor-eletrica;Inspetor de Elétrica;LEGACY_JS_JSON;Matemática;Trigonometria;9
3;inspetor-eletrica;Inspetor de Elétrica;LEGACY_JS_JSON;Medições elétricas;Aterramento;2
3;inspetor-eletrica;Inspetor de Elétrica;LEGACY_JS_JSON;Medições elétricas;Corrente;2
3;inspetor-eletrica;Inspetor de Elétrica;LEGACY_JS_JSON;Medições elétricas;Isolação;2
3;inspetor-eletrica;Inspetor de Elétrica;LEGACY_JS_JSON;Medições elétricas;Medições elétricas;3
3;inspetor-eletrica;Inspetor de Elétrica;LEGACY_JS_JSON;Medições elétricas;Resistência;2
3;inspetor-eletrica;Inspetor de Elétrica;LEGACY_JS_JSON;Medições elétricas;Sequência de fases;2
3;inspetor-eletrica;Inspetor de Elétrica;LEGACY_JS_JSON;Medições elétricas;Tensão;2
3;inspetor-eletrica;Inspetor de Elétrica;LEGACY_JS_JSON;Metrologia;Algarismos significativos;2
3;inspetor-eletrica;Inspetor de Elétrica;LEGACY_JS_JSON;Metrologia;Arredondamento;3
3;inspetor-eletrica;Inspetor de Elétrica;LEGACY_JS_JSON;Metrologia;Calibração;1
3;inspetor-eletrica;Inspetor de Elétrica;LEGACY_JS_JSON;Metrologia;Conversão;3
3;inspetor-eletrica;Inspetor de Elétrica;LEGACY_JS_JSON;Metrologia;Conversão de unidades;4
3;inspetor-eletrica;Inspetor de Elétrica;LEGACY_JS_JSON;Metrologia;Escala e coordenadas;2
3;inspetor-eletrica;Inspetor de Elétrica;LEGACY_JS_JSON;Metrologia;Metrologia;3
3;inspetor-eletrica;Inspetor de Elétrica;LEGACY_JS_JSON;Metrologia;SI;7
3;inspetor-eletrica;Inspetor de Elétrica;LEGACY_JS_JSON;Metrologia;Sistema Internacional de Unidades;3
3;inspetor-eletrica;Inspetor de Elétrica;LEGACY_JS_JSON;Português;Coesão;3
3;inspetor-eletrica;Inspetor de Elétrica;LEGACY_JS_JSON;Português;Compreensão de texto;2
3;inspetor-eletrica;Inspetor de Elétrica;LEGACY_JS_JSON;Português;Compreensão e interpretação;10
3;inspetor-eletrica;Inspetor de Elétrica;LEGACY_JS_JSON;Português;Interpretação;5
3;inspetor-eletrica;Inspetor de Elétrica;LEGACY_JS_JSON;Português;Significação de palavras;3
3;inspetor-eletrica;Inspetor de Elétrica;LEGACY_JS_JSON;Português;Vocabulário;2
3;inspetor-eletrica;Inspetor de Elétrica;LEGACY_JS_JSON;Qualidade;Ação corretiva;1
3;inspetor-eletrica;Inspetor de Elétrica;LEGACY_JS_JSON;Qualidade;Controle de qualidade;1
3;inspetor-eletrica;Inspetor de Elétrica;LEGACY_JS_JSON;Qualidade;Inspeção;2
3;inspetor-eletrica;Inspetor de Elétrica;LEGACY_JS_JSON;Qualidade;Inspeção de qualidade;11
3;inspetor-eletrica;Inspetor de Elétrica;LEGACY_JS_JSON;Qualidade;ISO 9001;4
3;inspetor-eletrica;Inspetor de Elétrica;LEGACY_JS_JSON;Qualidade;Metrologia;4
3;inspetor-eletrica;Inspetor de Elétrica;LEGACY_JS_JSON;Qualidade;Qualidade;3
3;inspetor-eletrica;Inspetor de Elétrica;LEGACY_JS_JSON;Segurança;NR-10;2
3;inspetor-eletrica;Inspetor de Elétrica;LEGACY_JS_JSON;Segurança;Segurança;7
3;inspetor-eletrica;Inspetor de Elétrica;LEGACY_JS_JSON;Segurança;Segurança e higiene;2
3;inspetor-eletrica;Inspetor de Elétrica;LEGACY_JS_JSON;Segurança;Segurança e higiene do trabalho;5
3;inspetor-eletrica;Inspetor de Elétrica;LEGACY_JS_JSON;Segurança;Segurança elétrica;4